place;address;availability
Alergologia;;
"Uniwersyteckie Centrum Kliniczne
Klinika Dermatologii, Wenerologii i Alergologii";"ul. Mariana
Smoluchowskiego 17
80-214 Gdańsk";1
"COPERNICUS PODMIOT LECZNICZY SPÓŁKA Z
OGRANICZONĄ ODPOWIEDZIALNOŚCIĄ
Szpital św. Wojciecha, Oddział Pediatryczny";"ul. al. Jana Pawła II 50
80-462 Gdańsk";2
"SZPITAL DZIECIĘCY POLANKI IM. MACIEJA PŁAŻYŃSKIEGO W
GDAŃSKU SPÓŁKA Z OGRANICZONĄ ODPOWIEDZIALNOŚCIĄ
Oddział alergologii, immunologii i chorób płuc";"ul. Polanki 119
80-308 Gdańsk";2
"Uniwersyteckie Centrum Kliniczne
Klinika Alergologii i Pneumonologii";"ul. Mariana
Smoluchowskiego 17
80-214 Gdańsk";3
"COPERNICUS PODMIOT LECZNICZY SPÓŁKA Z
OGRANICZONĄ ODPOWIEDZIALNOŚCIĄ
Kliniczny Oddział Gastroenterologii, Alergologii i Żywienia
Dzieci Gdańskiego Uniwersytetu Medycznego";"ul. Nowe Ogrody 1-6
80-803 Gdańsk";0
Anestezjologia i intensywna terapia;;
"Szpital Specjalistyczny im. J. K. Łukowicza w Chojnicach
Oddział Anestezjologii i Intensywnej Terapii";"ul. Leśna 10
89-600 Chojnice";3
"Uniwersyteckie Centrum Kliniczne
Klinika Anestezjologii i Intensywnej Terapii";"ul. Mariana
Smoluchowskiego 17
80-214 Gdańsk";4
"SZPITALE POMORSKIE SPÓŁKA Z OGRANICZONĄ
ODPOWIEDZIALNOŚCIĄ
Szpital Św. Wincentego a Paulo Oddział Anestezjologii i
Intensywnej Terapii";"ul. Wójta Radtkego 1
81-348 Gdynia";1
"COPERNICUS PODMIOT LECZNICZY SPÓŁKA Z
OGRANICZONĄ ODPOWIEDZIALNOŚCIĄ
Szpital św. Wojciecha, Oddział Anestezjologii i Intensywnej
Terapii";"ul. al. Jana Pawła II 50
80-462 Gdańsk";3
"COPERNICUS PODMIOT LECZNICZY SPÓŁKA Z
OGRANICZONĄ ODPOWIEDZIALNOŚCIĄ
Oddział Anestezjologii i Intensywnej Terapii dla Dorosłych";"ul. Nowe Ogrody 1-6
80-803 Gdańsk";1
"WOJEWÓDZKI SZPITAL SPECJALISTYCZNY IM. JANUSZA
KORCZAKA W SŁUPSKU SPÓŁKA Z OGRANICZONĄ
ODPOWIEDZIALNOŚCIĄ
Oddział anestezjologii i intensywnej terapii";"ul. Hubalczyków 1
76-200 Słupsk";2
"SZPITAL SPECJALISTYCZNY W KOŚCIERZYNIE SPÓŁKA Z
OGRANICZONĄ ODPOWIEDZIALNOŚCIĄ
Oddział Anestezjologii i Intensywnej Terapii";"ul. Alojzego
Piechowskiego 36
83-400 Kościerzyna";-1
"Samodzielny Publiczny Specjalistyczny Zakład Opieki
Zdrowotnej
Oddział Anestezjologii i Intensywnej Terapii";"ul. Juliana
Węgrzynowicza 13
84-300 Lębork";3
"SZPITALE POMORSKIE SPÓŁKA Z OGRANICZONĄ
ODPOWIEDZIALNOŚCIĄ
Szpital Specjallistyczny im. F. Ceynowy, Oddział
Anestezjologii i Intensywnej Terapii";"ul. dr. Alojzego
Jagalskiego 10
84-200 Wejherowo";1
"SZPITALE POMORSKIE SPÓŁKA Z OGRANICZONĄ
ODPOWIEDZIALNOŚCIĄ
Szpital Morski im. PCK Oddział Anestezjologii i Intensywnej
Terapii";"ul. Powstania
Styczniowego 1
81-519 Gdynia";1
Angiologia;;
"Uniwersyteckie Centrum Kliniczne
Klinika Nadciśnienia Tętniczego i Diabetologii";"ul. Mariana
Smoluchowskiego 17
80-214 Gdańsk";1
Audiologia i foniatria;;
"Uniwersyteckie Centrum Kliniczne
Klinika Otolaryngologii z Oddziałem Chirurgii Szczękowo-Twarzowej";"ul. Mariana
Smoluchowskiego 17
80-214 Gdańsk";2
Balneologia i medycyna fizykalna;;
Brak;;
Chirurgia dziecięca;;
"COPERNICUS PODMIOT LECZNICZY SPÓŁKA Z
OGRANICZONĄ ODPOWIEDZIALNOŚCIĄ
Oddział Chirurgii i Urologii Dzieci";"ul. Nowe Ogrody 1-6
80-803 Gdańsk";1
"WOJEWÓDZKI SZPITAL SPECJALISTYCZNY IM. JANUSZA
KORCZAKA W SŁUPSKU SPÓŁKA Z OGRANICZONĄ
ODPOWIEDZIALNOŚCIĄ
Oddział chirurgiczny ogólny dla dzieci";"ul. Hubalczyków 1
76-200 Słupsk";2
"SZPITALE POMORSKIE SPÓŁKA Z OGRANICZONĄ
ODPOWIEDZIALNOŚCIĄ
Szpital Specjalistyczny im. F.Ceynowy Oddział Chirurgii
Dziecięcej";"ul. dr. Alojzego
Jagalskiego 10
84-200 Wejherowo";1
"Uniwersyteckie Centrum Kliniczne
Klinika Chirurgii i Urologii Dzieci i Młodzieży";"ul. Mariana
Smoluchowskiego 17
80-214 Gdańsk";4
Chirurgia klatki piersiowej;;
"Uniwersyteckie Centrum Kliniczne
Klinika Chirurgii Klatki Piersiowej";"ul. Mariana
Smoluchowskiego 17
80-214 Gdańsk";2
Chirurgia naczyniowa;;
"SZPITALE POMORSKIE SPÓŁKA Z OGRANICZONĄ
ODPOWIEDZIALNOŚCIĄ
Szpital Św. Wincentego a Paulo Oddział Chirurgii
Naczyniowej";"ul. Wójta Radtkego 1
81-348 Gdynia";0
"Uniwersyteckie Centrum Kliniczne
Klinika Kardiochirurgii i Chirurgii Naczyniowej";"ul. Mariana
Smoluchowskiego 17
80-214 Gdańsk";0
"WOJEWÓDZKI SZPITAL SPECJALISTYCZNY IM. JANUSZA
KORCZAKA W SŁUPSKU SPÓŁKA Z OGRANICZONĄ
ODPOWIEDZIALNOŚCIĄ Oddział chirurgii naczyniowej";"ul. Hubalczyków 1
76-200 Słupsk";0
Chirurgia ogólna;;
"SZPITALE POMORSKIE SPÓŁKA Z OGRANICZONĄ
ODPOWIEDZIALNOŚCIĄ
Szpital św. Wincentego a Paulo Oddział Chirurgiczny Ogólny";"ul. Wójta Radtkego 1
81-348 Gdynia";1
"Szpital Miejski w Miastku Sp. z o.o.
Oddział Chirurgiczny Ogólny";"ul. gen. Wybickiego 30
77-200 Miastko";0
"Szpital Powiatu Bytowskiego Sp. z o.o.
Oddział Chirurgiczny Ogólny z Pododdziałem Chirurgii
Urazowo Ortopedycznej";"ul. Lęborska 13
77-100 Bytów";0
"Uniwersyteckie Centrum Kliniczne
Klinika Chirurgii Onkologicznej";"ul. Mariana
Smoluchowskiego 17
80-214 Gdańsk";0
"SZPITALE POMORSKIE SPÓŁKA Z OGRANICZONĄ
ODPOWIEDZIALNOŚCIĄ
Szpital Morski im. PCK Oddział Chirurgii Onkologicznej z
Pododdziałem Chirurgii Nowotworów Piersi, Skóry i Tkanek
Miękkich";"ul. Powstania
Styczniowego 1
81-519 Gdynia";0
"WOJEWÓDZKI SZPITAL SPECJALISTYCZNY IM. JANUSZA
KORCZAKA W SŁUPSKU SPÓŁKA Z OGRANICZONĄ
ODPOWIEDZIALNOŚCIĄ
Oddział chirurgii onkologicznej";"ul. Hubalczyków 1
6-200 Słupsk";0
"COPERNICUS PODMIOT LECZNICZY SPÓŁKA Z
OGRANICZONĄ ODPOWIEDZIALNOŚCIĄ
Szpital św. Wojciecha, Oddział Chirurgii Ogólnej i
Onkologicznej";"ul. al. Jana Pawla II 50
80-462 Gdańsk";1
"Uniwersyteckie Centrum Kliniczne
Klinika Chirurgii Onkologicznej, Transplantacyjnej i Ogólnej";"ul. Mariana
Smoluchowskiego 17
80-214 Gdańsk";2
"Szpital Specjalistyczny im. J. K. Łukowicza w Chojnicach
Oddział Chirurgii Ogólnej";"ul. Leśna 10
89-600 Chojnice";4
"Powiatowe Centrum Zdrowia Sp. z o.o.
SZPITAL POWIATOWY W KARTUZACH IM. DR ALEKSANDRA
MAJKOWSKIEGO Oddział Chirurgii Ogólnej";"ul. Floriana Ceynowy 7
83-300 Kartuzy";-1
"COPERNICUS PODMIOT LECZNICZY SPÓŁKA Z
OGRANICZONĄ ODPOWIEDZIALNOŚCIĄ
Oddział Chirurgii Ogólnej";"ul. Nowe Ogrody 1-6
80-803 Gdańsk";2
"POWIATOWE CENTRUM ZDROWIA SPÓŁKA Z
OGRANICZONĄ ODPOWIEDZIALNOŚCIĄ
Oddział chirurgiczny ogólny";"ul. Aleja Armii Krajowej
105/106
82-200 Malbork";2
"SZPITAL SPECJALISTYCZNY W PRABUTACH SPÓŁKA Z
OGRANICZONĄ ODPOWIEDZIALNOŚCIĄ
Oddział Chirurgii Ogólnej";"ul. Kuracyjna 30
82-550 Prabuty";1
"Szpital Specjalistyczny w Kościerzynie Sp. z o.o.
Oddział Chirurgiczny Ogólny";"ul. Alojzego
Piechowskiego 36
83-400 Kościerzyna";-1
"Samodzielny Publiczny Specjalistyczny Zakład Opieki
Zdrowotnej
Oddział Chirurgiczny Ogólny";"ul. Juliana
Węgrzynowicza 13
84-300 Lębork";1
"""Szpitale Polskie"" Spółka Akcyjna
Szpital Polski Sztum Oddział Chirurgii Ogólnej";"ul. Reja 12
82-400 Sztum";0
"Szpitale Tczewskie Spółka Akcyjna
Oddział Chirurgiczny";"ul. 30 Stycznia 57
83-110 Tczew";-1
"WOJEWÓDZKI SZPITAL SPECJALISTYCZNY IM. JANUSZA
KORCZAKA W SŁUPSKU SPÓŁKA Z OGRANICZONĄ
ODPOWIEDZIALNOŚCIĄ, Oddział chirurgiczny ogólny";"ul. Hubalczyków 1
76-200 Słupsk";2
"KOCIEWSKIE CENTRUM ZDROWIA SPÓŁKA Z OGRANICZONĄ
ODPOWIEDZIALNOŚCIĄ
Szpital Św. Jana Oddział Chirurgiczny Ogólny";"ul. dra Józefa 
Balewskiego 1 83-200 Starogard";1
"SZPITALE POMORSKIE SPÓŁKA Z OGRANICZONĄ
ODPOWIEDZIALNOŚCIĄ
Szpital Specjalistyczny im. F. Ceynowy, Oddział Chirurgii
Ogólnej i Onkologicznej";"ul. dr. Alojzego
Jagalskiego 10
84-200 Wejherowo";0
"""ZDROWIE"" SPÓŁKA Z OGRANICZONĄ
ODPOWIEDZIALNOŚCIĄ
Oddział chirurgiczny";"ul. gen. Józefa Hallera 31
82-500 Kwidzyn";0
Chirurgia onkologiczna;;
"SZPITAL SPECJALISTYCZNY W KOŚCIERZYNIE SPÓŁKA Z
OGRANICZONĄ ODPOWIEDZIALNOŚCIĄ
Oddział Chirurgiczny z Pododdziałem Chirurgii
Onkologicznej";"ul. Alojzego
Piechowskiego 36
83-400 Kościerzyna";-1
"Uniwersyteckie Centrum Kliniczne
Klinika Chirurgii Onkologicznej";"ul. Mariana
Smoluchowskiego 17
80-214 Gdańsk";1
"SZPITALE POMORSKIE SPÓŁKA Z OGRANICZONĄ
ODPOWIEDZIALNOŚCIĄ
Szpital Morski im. PCK Oddział Chirurgii Onkologicznej z
Pododdziałem Chirurgii Nowotworów Piersi, Skóry i Tkanek
Miękkich";"ul. Powstania
Styczniowego 1
81-519 Gdynia";3
"WOJEWÓDZKI SZPITAL SPECJALISTYCZNY IM. JANUSZA
KORCZAKA W SŁUPSKU SPÓŁKA Z OGRANICZONĄ
ODPOWIEDZIALNOŚCIĄ
Oddział chirurgii onkologicznej";"ul. Hubalczyków 1
76-200 Słupsk";1
Chirurgia plastyczna;;
"Uniwersyteckie Centrum Kliniczne
Klinika Chirurgii Plastycznej";"ul. Mariana
Smoluchowskiego 17
80-214 Gdańsk";3
Chirurgia stomatologiczna;;
"SZPITALE POMORSKIE SPÓŁKA Z OGRANICZONĄ
ODPOWIEDZIALNOŚCIĄ
Szpital św. Wincentego a Paulo Oddział Chirurgii Szczękowej
z pododdziałem dla dzieci";"ul. Wójta Radtkego 1
81-348 Gdynia";0
"MED-ORAL Spółka z ograniczoną odpowiedzialnością
Poradnia chirurgii stomatologicznej";"ul. I Dywizji Wojska
Polskiego 29 A
84-230 Rumia";0
"Uniwersyteckie Centrum Kliniczne
Klinika Otolaryngologii z Oddziałem Chirurgii Szczękowo-Twarzowej";"ul. Mariana
Smoluchowskiego 17
80-214 Gdańsk";0
"Uniwersyteckie Centrum Stomatologiczne Gdańskiego
Uniwersytetu Medycznego spółka z ograniczoną
odpowiedzialnością
Poradnia Chirurgii Stomatologicznej";"ul. Dębowa 1A
80-204 Gdańsk";"(4)
przewidywana
rezygnacja z
miejsc
akredytacyjnych"
"CENTRAL EUROPEAN OSSEOINTEGRATION CENTRE -KLINIKA IMPLANTOLOGII STOMATOLOGICZNEJ SPÓŁKA Z
OGRANICZONĄ ODPOWIEDZIALNOŚCIĄ
PRZYCHODNIA CHIRURGII STOMATOLOGICZNEJ CEOC";"ul. Aleja Zwycięstwa 48
80-210 Gdańsk";0
Chirurgia szczękowo-twarzowa;;
Uniwersyteckie Centrum Kliniczne Klinika Otolaryngologii z Oddziałem Chirurgii Szczękowo-Twarzowej;"ul. Mariana
Smoluchowskiego 17 80-214 Gdańsk";1
Choroby płuc;;
"SZPITAL SPECJALISTYCZNY W PRABUTACH SPÓŁKA Z
OGRANICZONĄ ODPOWIEDZIALNOŚCIĄ
Oddział Gruźlicy i Chorób Płuc z Pododdziałem Gruźlicy";"ul. Kuracyjna 30
82-550 Prabuty";1
"Szpital Specjalistyczny im. J. K. Łukowicza w Chojnicach
Oddział Pulmonologiczny";"ul. Leśna 10
89-600 Chojnice";0
"Uniwersyteckie Centrum Kliniczne
Klinika Alergologii i Pneumonologii";"ul. Mariana
Smoluchowskiego 17
80-214 Gdańsk";4
"SZPITALE POMORSKIE SPÓŁKA Z OGRANICZONĄ
ODPOWIEDZIALNOŚCIĄ
Szpital Specjalistyczny im. F. Ceynowy, Oddział Chorób Płuc";"ul. dr. Alojzego
Jagalskiego 10
84-200 Wejherowo";3
Choroby płuc dzieci;;
"SZPITAL DZIECIĘCY POLANKI IM. MACIEJA PŁAŻYŃSKIEGO W
GDAŃSKU SPÓŁKA Z OGRANICZONĄ ODPOWIEDZIALNOŚCIĄ
Oddział alergologii, immunologii i chorób płuc";"ul. Polanki 119
80-308 Gdańsk";3
"SZPITAL DZIECIĘCY POLANKI IM. MACIEJA PŁAŻYŃSKIEGO W
GDAŃSKU SPÓŁKA Z OGRANICZONĄ ODPOWIEDZIALNOŚCIĄ
Oddział pediatrii i mukowiscydozy";"ul. Polanki 119
80-308 Gdańsk";1
Choroby wewnętrzne;;
"POWIATOWE CENTRUM ZDROWIA SPÓŁKA Z
OGRANICZONĄ ODPOWIEDZIALNOŚCIĄ
Oddział chorób wewnętrznych";"ul. Dworcowa 12
82-100 Nowy Dwór
Gdański";1
"COPERNICUS Podmiot Leczniczy Sp. z o.o.
Szpital św. Wojciecha w Gdańsku Oddział Chorób
Wewnętrznych";"ul. al. Jana Pawła II 50
80-462 Gdańsk";15
"""Szpitale Polskie"" Spółka Akcyjna
Szpital Polski Sztum Oddział Internistyczny";"ul. Reja 12
82-400 Sztum";5
"Szpitale Tczewskie Spółka Akcyjna
Oddział Chorób Wewnętrznych";"ul. 30-go Stycznia 57/58
83-110 Tczew";7
"Szpitale Pomorskie Sp. z o.o.
Szpital Specjalistyczny im. F. Ceynowy, Oddział Chorób
Wewnętrznych, Gastroenterologii i Geriatrii";"ul. dr. Alojzego
Jagalskiego 10
84-200 Wejherowo";8
"Uniwersyteckie Centrum Kliniczne
Klinika Alergologii i Pneumonologii";"ul. Mariana
Smoluchowskiego 17
80-214 Gdańsk";6
"Szpital Specjalistyczny im. J. K. Łukowicza w Chojnicach
Oddział Chorób Wewnętrznych";"ul. Leśna 10
89-600 Chojnice";4
"Samodzielny Publiczny Zakład Opieki Zdrowotnej
Szpital Rejonowy Oddział Chorób Wewnętrznych";"ul. Szczecińska 31
77-300 Człuchów";8
"Szpital Powiatu Bytowskiego Sp. z o.o.
Pion Opieki Stacjonarnej Oddział Chorób Wewnętrznych";"ul. Lęborska 13
77-100 Bytów";3
"Uniwersyteckie Centrum Kliniczne
Klinika Nefrologii, Transplantologii i Chorób Wewnętrznych";"ul. Dębinki 7
80-952 Gdańsk";8
"Uniwersyteckie Centrum Kliniczne
Klinika Gastroenterologii i Hepatologii";"ul. Mariana
Smoluchowskiego 17
80-214 Gdańsk";7
"Uniwersyteckie Centrum Kliniczne
Klinika Chorób Wewnętrznych, Chorób Tkanki Łącznej i
Geriatrii";"ul. Mariana
Smoluchowskiego 17
80-214 Gdańsk";2
"Uniwersyteckie Centrum Kliniczne
Klinika Endokrynologii i Chorób Wewnętrznych";"ul. Dębinki 7
80-952 Gdańsk";4
"Uniwersyteckie Centrum Kliniczne
Klinika Hematologii i Transplantologii";"ul. Mariana
Smoluchowskiego 17
80-214 Gdańsk";6
"Uniwersyteckie Centrum Kliniczne
Klinika Nadciśnienia Tętniczego i Diabetologii";"ul. Mariana
Smoluchowskiego 17
80-214 Gdańsk";2
"COPERNICUS PODMIOT LECZNICZY SPÓŁKA Z
OGRANICZONĄ ODPOWIEDZIALNOŚCIĄ
Szpital św. Wojciecha, Oddział Kardiologiczny";"ul. al. Jana Pawła II 50
80-462 Gdańsk";12
"COPERNICUS PODMIOT LECZNICZY SPÓŁKA Z
OGRANICZONĄ ODPOWIEDZIALNOŚCIĄ
Oddział Chorób Wewnętrznych i Diabetologii";"ul. Powstańców
Warszawskich 1/2, 80-152 Gdańsk";4
"COPERNICUS PODMIOT LECZNICZY SPÓŁKA Z
OGRANICZONĄ ODPOWIEDZIALNOŚCIĄ
Oddział Chorób Wewnętrznych i Hipertensjologii";"ul. Nowe Ogrody 1-6
80-803 Gdańsk";4
"Uniwersyteckie Centrum Medycyny Morskiej i Tropikalnej
Klinika Kardiologii i Chorób Wewnętrznych";"ul. Powstania
Styczniowego 9B
81-519 Gdynia";3
"Uniwersyteckie Centrum Medycyny Morskiej i Tropikalnej
Klinika Chorób Zawodowych i Wewnętrznych";"ul. Powstania
Styczniowego 9B
81-519 Gdynia";1
"SZPITALE POMORSKIE SPÓŁKA Z OGRANICZONĄ
ODPOWIEDZIALNOŚCIĄ
Szpital Św. Wincentego a Paulo Oddział Kardiologiczny";"ul. Wójta Radtkego 1
81-346 Gdynia";12
"Powiatowe Centrum Zdrowia Sp. z o.o.
SZPITAL POWIATOWY W KARTUZACH IM. DR ALEKSANDRA
MAJKOWSKIEGO Oddział Chorób Wewnętrznych";"ul. Floriana Ceynowy 7
83-300 Kartuzy";3
"SZPITAL SPECJALISTYCZNY W KOŚCIERZYNIE SPÓŁKA Z
OGRANICZONĄ ODPOWIEDZIALNOŚCIĄ
Oddział Chorób Wewnętrznych z pracownią diagnostyki
endoskopowej";"ul. Alojzego
Piechowskiego 36
83-400 Kościerzyna";1
"Uniwersyteckie Centrum Medycyny Morskiej i Tropikalnej
Klinika Chorób Tropikalnych i Pasożytniczych";"ul. Powstania
Styczniowego 9B
81-519 Gdynia";0
"SZPITALE POMORSKIE SPÓŁKA Z OGRANICZONĄ
ODPOWIEDZIALNOŚCIĄ
Szpital Św. Wincentego a Paulo Oddział Chorób
Wewnętrznych";"ul. Wójta Radtkego 1
81-346 Gdynia";13
"POWIATOWE CENTRUM ZDROWIA SPÓŁKA Z
OGRANICZONĄ ODPOWIEDZIALNOŚCIĄ
Oddział chorób wewnętrznych";"ul. Aleja Armii Krajowej
105/106
82-200 Malbork";7
"Szpital Miejski w Miastku Sp. z o.o.
Oddział Chorób Wewnętrznych";"ul. gen. Wybickiego 30
77-200 Miastko";4
"""Zdrowie"" Sp. z o.o.
NZOZ Oddział Wewnętrzny";"ul. Józefa Hallera 31
82-500 Kwidzyn";8
"Samodzielny Publiczny Specjalistyczny Zakład Opieki
Zdrowotnej
Oddział Chorób Wewnętrznych, Kardiologii i Rehabilitacji
Kardiologicznej";"ul. Juliana
Węgrzynowicza 13
84-300 Lębork";8
"Wojewódzki Szpital Specjalistyczny im. Janusza Korczaka w
Słupsku Sp. z o.o.
Oddział kardiologiczny";"ul. Hubalczyków 1
76-200 Słupsk";6
"WOJEWÓDZKI SZPITAL SPECJALISTYCZNY IM. JANUSZA
KORCZAKA W SŁUPSKU SPÓŁKA Z OGRANICZONĄ
ODPOWIEDZIALNOŚCIĄ
Oddział chorób wewnętrznych";"ul. Hubalczyków 1
76-200 Słupsk";5
"SZPITAL SPECJALISTYCZNY W PRABUTACH SPÓŁKA Z
OGRANICZONĄ ODPOWIEDZIALNOŚCIĄ
Oddział Chorób Wewnętrznych";"ul. Kuracyjna 30
82-550 Prabuty";5
"Szpital Pucki Sp. z o.o.
Oddział Chorób Wewnętrznych";"ul. 1 Maja 13A
84-100 Puck";4
"KOCIEWSKIE CENTRUM ZDROWIA SPÓŁKA Z OGRANICZONĄ
ODPOWIEDZIALNOŚCIĄ
Szpital Św. Jana Oddział Chorób Wewnętrznych";"ul. dra Józefa
Balewskiego 1
83-200 Starogard
Gdański";2
"KOCIEWSKIE CENTRUM ZDROWIA SPÓŁKA Z OGRANICZONĄ
ODPOWIEDZIALNOŚCIĄ
Szpital Św. Jana Oddział Kardiologiczny z Pododdziałem
Intensywnego Nadzoru Kardiologicznego";"ul. dra Józefa
Balewskiego 1
83-200 Starogard
Gdański";6
"SZPITALE POMORSKIE SPÓŁKA Z OGRANICZONĄ
ODPOWIEDZIALNOŚCIĄ
Szpital Morski im. PCK Oddział Chorób Wewnętrznych i
Leczenia Schorzeń Endokrynologicznych";"ul. Powstania
Styczniowego 1
81-519 Gdynia";7
"Uniwersyteckie Centrum Kliniczne
I Klinika Kardiologii";"ul. Mariana
Smoluchowskiego 17
80-214 Gdańsk";25
"Uniwersyteckie Centrum Kliniczne
II Klinika Kardiologii i Elektroterapii Serca";"ul. Mariana
Smoluchowskiego 17
80-214 Gdańsk";14
Choroby zakaźne;;
"Szpitale Pomorskie Sp. z o.o.
Pomorskie Centrum Chorób Zakaźnych i Gruźlicy II Oddział
Chorób Zakaźnych";"ul. Mariana
Smoluchowskiego 18
80-214 Gdańsk";"(-1)
przewidywana
utrata miejsc
akredytacyjnych"
"Szpitale Pomorskie Sp. z o.o.
Pomorskie Centrum Chorób Zakaźnych i Gruźlicy IV Oddział
Obserwacyjno-Zakaźny";"ul. Mariana
Smoluchowskiego 18
80-214 Gdańsk";"(1)
przewidywana
utrata miejsc
akredytacyjnych"
"SZPITALE POMORSKIE SPÓŁKA Z OGRANICZONĄ
ODPOWIEDZIALNOŚCIĄ
Pomorskie Centrum Chorób Zakaźnych i Gruźlicy Oddział
Leczenia Nabytych Niedoborów Odporności";"ul. Mariana
Smoluchowskiego 18
80-214 Gdańsk";"(4)
przewidywana
utrata miejsc
akredytacyjnych"
"Uniwersyteckie Centrum Medycyny Morskiej i Tropikalnej
Klinika Chorób Tropikalnych i Pasożytniczych";"ul. Powstania
Styczniowego 9B
81-519 Gdynia";1
Dermatologia i wenerologia;;
"WOJEWÓDZKI SZPITAL SPECJALISTYCZNY IM. JANUSZA
KORCZAKA W SŁUPSKU SPÓŁKA Z OGRANICZONĄ
ODPOWIEDZIALNOŚCIĄ
Oddział dermatologiczny";"ul. Mickiewicza 12
76-270 Ustka";2
"Uniwersyteckie Centrum Kliniczne
Klinika Dermatologii, Wenerologii i Alergologii";"ul. Mariana
Smoluchowskiego 17
80-214 Gdańsk";1
"COPERNICUS PODMIOT LECZNICZY SPÓŁKA Z
OGRANICZONĄ ODPOWIEDZIALNOŚCIĄ
Oddział Dermatologii";"ul. al. Jana Pawła II 50
80-462 Gdańsk";-1
Diabetologia;;
"Uniwersyteckie Centrum Kliniczne
Klinika Nadciśnienia Tętniczego i Diabetologii - Regionalne
Centrum Diabetologii";"ul. Mariana
Smoluchowskiego 17
80-214 Gdańsk";-1
Diagnostyka laboratoryjna;;
"WOJEWÓDZKI SZPITAL SPECJALISTYCZNY IM. JANUSZA
KORCZAKA W SŁUPSKU SPÓŁKA Z OGRANICZONĄ
ODPOWIEDZIALNOŚCIĄ
Pracownia diagnostyki laboratoryjnej";"ul. Hubalczyków 1
76-200 Słupsk";2
Endokrynologia;;
"Uniwersyteckie Centrum Kliniczne
Klinika Endokrynologii i Chorób Wewnętrznych";"ul. Dębinki 7
80-952 Gdańsk";2
"Uniwersyteckie Centrum Kliniczne
Klinika Ginekologii, Ginekologii Onkologicznej i
Endokrynologii Ginekologicznej";"ul. Smoluchowskiego 17
80-214 Gdańsk";2
"SZPITALE POMORSKIE SPÓŁKA Z OGRANICZONĄ
ODPOWIEDZIALNOŚCIĄ
Szpital Morski im. PCK Oddział Chorób Wewnętrznych i
Leczenia Schorzeń Endokrynologicznych";"ul. Powstania
Styczniowego 1
81-519 Gdynia";-1
Endokrynologia ginekologiczna i rozrodczość;;
"INVICTA SPÓŁKA Z OGRANICZONĄ ODPOWIEDZIALNOŚCIĄ
Poradnia Leczenia Niepłodności";"ul. Rajska 10
80-850 Gdańsk";0
"Uniwersyteckie Centrum Kliniczne
Klinika Ginekologii, Ginekologii Onkologicznej i
Endokrynologii Ginekologicznej";"ul. Smoluchowskiego 17
80-214 Gdańsk";0
Endokrynologia i diabetologia dziecięca;;
"Uniwersyteckie Centrum Kliniczne
Klinika Pediatrii, Diabetologii i Endokrynologii";"ul. Dębinki 7
80-952 Gdańsk";1
Epidemiologia;;
Brak;;
Farmakologia kliniczna;;
"Gdański Uniwersytet Medyczny
Katedra i Zakład Farmakologii";"ul. Dębowa 23
80-204 Gdańsk";2
Gastroenterologia;;
"COPERNICUS PODMIOT LECZNICZY SPÓŁKA Z
OGRANICZONĄ ODPOWIEDZIALNOŚCIĄ
Szpital im. Mikołaja Kopernika Oddział Gastroenterologiczny
dla Dorosłych";"ul. Nowe Ogrody 1-6
80-803 Gdańsk";1
"Uniwersyteckie Centrum Kliniczne
Klinika Gastroenterologii i Hepatologii";"ul. Mariana
Smoluchowskiego 17
80-214 Gdańsk";3
"COPERNICUS PODMIOT LECZNICZY SPÓŁKA Z
OGRANICZONĄ ODPOWIEDZIALNOŚCIĄ
Kliniczny Oddział Gastroenterologii, Alergologii i Żywienia
Dzieci Gdańskiego Uniwersytetu Medycznego";"ul. Nowe Ogrody 1-6
80-803 Gdańsk";1
"COPERNICUS Podmiot Leczniczy Sp. z o.o.
Szpital św.Wojciecha w Gdańsku Oddział Chorób
Wewnętrznych II z pracownią Endoskopii
Gastroenterologicznej";"ul. al. Jana Pawła II 50
80-462 Gdańsk";2
Gastroenterologia dziecięca;;
"COPERNICUS PODMIOT LECZNICZY SPÓŁKA Z
OGRANICZONĄ ODPOWIEDZIALNOŚCIĄ
Kliniczny Oddział Gastroenterologii, Alergologii i Żywienia
Dzieci Gdańskiego Uniwersytetu Medycznego";"ul. Nowe Ogrody 1-6
80-803 Gdańsk";2
Genetyka kliniczna;;
"Uniwersyteckie Centrum Kliniczne
Poradnia Genetyczna. Ośrodek Chorób Rzadkich";"ul. Dębinki 7
80-952 Gdańsk";1
Geriatria;;
"Uniwersyteckie Centrum Kliniczne
Klinika Chorób Wewnętrznych, Chorób Tkanki Łącznej i
Geriatrii";"ul. Mariana
Smoluchowskiego 17
80-214 Gdańsk";0
"Samodzielny Publiczny Specjalistyczny Zakład Opieki
Zdrowotnej
Oddział Geriatryczny";"ul. Juliana
Węgrzynowicza 13
84-300 Lębork";3
Ginekologia onkologiczna;;
"Uniwersyteckie Centrum Kliniczne
Katedra i Klinika Ginekologii, Ginekologii Onkologicznej i
Endokrynologii Ginekologicznej";"ul. Kliniczna 1A
80-402 Gdańsk";1
"SZPITALE POMORSKIE SPÓŁKA Z OGRANICZONĄ
ODPOWIEDZIALNOŚCIĄ
Szpital Morski im. PCK Oddział Ginekologii Onkologicznej";"ul. Powstania
Styczniowego 1
81-519 Gdynia";0
Hematologia;;
"WOJEWÓDZKI SZPITAL SPECJALISTYCZNY IM. JANUSZA
KORCZAKA W SŁUPSKU SPÓŁKA Z OGRANICZONĄ
ODPOWIEDZIALNOŚCIĄ
Oddział hematologiczny";"ul. Hubalczyków 1
76-200 Słupsk";7
"Uniwersyteckie Centrum Kliniczne
Klinika Hematologii i Transplantologii";"ul. Mariana
Smoluchowskiego 17
80-214 Gdańsk";13
"SZPITALE POMORSKIE SPÓŁKA Z OGRANICZONĄ
ODPOWIEDZIALNOŚCIĄ
Szpital Morski im. PCK Oddział Hematologii i
Transplantologii Szpiku";"ul. Powstania
Styczniowego 1
81-519 Gdynia";1
Hipertensjologia;;
"Uniwersyteckie Centrum Kliniczne
Klinika Nefrologii, Transplantologii i Chorób Wewnętrznych";"ul. Dębinki 7
80-952 Gdańsk";5
"Uniwersyteckie Centrum Kliniczne
Klinika Nadciśnienia Tętniczego i Diabetologii";"ul. Mariana
Smoluchowskiego 17
80-214 Gdańsk";8
Immunologia kliniczna;;
"Uniwersyteckie Centrum Kliniczne
Klinika Chorób Wewnętrznych, Chorób Tkanki Łącznej i
Geriatrii";"ul. Mariana
Smoluchowskiego 17
80-214 Gdańsk";1
"Gdański Uniwersytet Medyczny
Zakład Immunologii Katedry Immunologii";"ul. Dębinki 1
80-210 Gdańsk";"(3)
przewidywana
utrata miejsc
akredytacyjnych"
"Uniwersyteckie Centrum Kliniczne
Klinika Pediatrii, Hematologii i Onkologii";"ul. Dębinki 1
80-210 Gdańsk";1
Intensywna terapia;;
Brak;;
Kardiochirurgia;;
"Uniwersyteckie Centrum Kliniczne
Klinika Kardiochirurgii i Chirurgii Naczyniowej";"ul. Mariana
Smoluchowskiego 17
80-214 Gdańsk";3
"COPERNICUS PODMIOT LECZNICZY SPÓŁKA Z
OGRANICZONĄ ODPOWIEDZIALNOŚCIĄ
Oddział Kardiochirurgii Dziecięcej im. Wielkiej Orkiestry
Świątecznej Pomocy";"ul. al. Jana Pawła II 50
80-462 Gdańsk";2
"SZPITALE POMORSKIE SPÓŁKA Z OGRANICZONĄ
ODPOWIEDZIALNOŚCIĄ
Szpital Specjalistyczny im. F. Ceynowy Oddział
Kardiochirurgii";"ul. dr. Alojzego
Jagalskiego 10
84-200 Wejherowo";1
Kardiologia;;
"COPERNICUS PODMIOT LECZNICZY SPÓŁKA Z
OGRANICZONĄ ODPOWIEDZIALNOŚCIĄ
Szpital św. Wojciecha, Oddział Kardiologiczny";"ul. al. Jana Pawła II 50
80-462 Gdańsk";1
"Samodzielny Publiczny Specjalistyczny Zakład Opieki
Zdrowotnej
Oddział Chorób Wewnętrznych, Kardiologii i Rehabilitacji
Kardiologicznej";"ul. Juliana
Węgrzynowicza 13
84-300 Lębork";2
"Wojewódzki Szpital Specjalistyczny im. Janusza Korczaka w
Słupsku Spółka z ograniczoną odpowiedzialnością
Oddział kardiologiczny";"ul. Hubalczyków 1
76-200 Słupsk";6
"KOCIEWSKIE CENTRUM ZDROWIA SPÓŁKA Z OGRANICZONĄ
ODPOWIEDZIALNOŚCIĄ
Szpital Św. Jana Oddział Kardiologiczny z Pododdziałem
Intensywnego Nadzoru Kardiologicznego";"ul. dra Józefa
Balewskiego 1
83-200 Starogard
Gdański";3
"Szpital Specjalistyczny im. J. K. Łukowicza w Chojnicach
Oddział Kardiologii z pracownią kardioangiologii inwazyjnej";"ul. Leśna 10
89-600 Chojnice";5
"SZPITAL SPECJALISTYCZNY W KOŚCIERZYNIE SPÓŁKA Z
OGRANICZONĄ ODPOWIEDZIALNOŚCIĄ";"ul. Alojzego
Piechowskiego 36 83-400 Kościerzyna";5
Oddział Kardiologiczny;;
"SZPITALE POMORSKIE SPÓŁKA Z OGRANICZONĄ
ODPOWIEDZIALNOŚCIĄ
Szpital Św. Wincentego a Paulo Oddział Kardiologiczny";"ul. Wójta Radtkego 1
81-348 Gdynia";4
"SZPITALE POMORSKIE SPÓŁKA Z OGRANICZONĄ
ODPOWIEDZIALNOŚCIĄ
Szpital Specjalistyczny im. F. Ceynowy, Oddział Kardiologii i
Angiologii Interwencyjnej";"ul. dr. Alojzego
Jagalskiego 10
84-200 Wejherowo";0
"Uniwersyteckie Centrum Kliniczne
II Klinika Kardiologii i Elektroterapii Serca";"ul. Mariana
Smoluchowskiego 17
80-214 Gdańsk";4
"Uniwersyteckie Centrum Kliniczne
I Klinika Kardiologii";"ul. Mariana
Smoluchowskiego 17
80-214 Gdańsk";4
Kardiologia dziecięca;;
"Uniwersyteckie Centrum Kliniczne
Klinika Kardiologii Dziecięcej i Wad Wrodzonych Serca";"ul. Dębinki 7
80-952 Gdańsk";4
Medycyna Lotnicza;;
Brak;;
Medycyna morska i tropikalna;;
"Uniwersyteckie Centrum Medycyny Morskiej i Tropikalnej
Klinika Chorób Tropikalnych i Pasożytniczych Krajowy
Ośrodek Medycyny Tropikalnej, Klinika Chorób
Zawodowych i Wewnętrznych Krajowy Ośrodek Medycyny
Morskiej, Klinika Medycyny Hiperbarycznej i Ratownictwa
Morskiego Krajowy Ośrodek Medycyny Hiperbarycznej";"ul. Powstania
Styczniowego 9B
81-519 Gdynia";3
Medycyna nuklearna;;
"Uniwersyteckie Centrum Kliniczne
Zakład Medycyny Nuklearnej";"ul. Mariana
Smoluchowskiego 17
80-214 Gdańsk";4
"SZPITALE POMORSKIE SPÓŁKA Z OGRANICZONĄ
ODPOWIEDZIALNOŚCIĄ
Szpital Morski im. PCK Zakład Medycyny Nuklearnej";"ul. Powstania
Styczniowego 1
81-519 Gdynia";2
Medycyna paliatywna;;
"Gdański Uniwersytet Medyczny
Zakład Medycyny Paliatywnej";"ul. Dębinki 2
80-211 Gdańsk";"(1)
przewidywana
utrata miejsc
akredytacyjnych"
Stowarzyszenie Hospicjum im. św. Wawrzyńca;"ul. Arendta Dickmana 6
81-109 Gdynia";0
"FUNDACJA HOSPICYJNA
Hospicjum Domowe dla Dorosłych, Hospicjum Domowe dla
Dzieci, Hospicjum Stacjonarne, Poradnia Medycyny
Paliatywnej";"ul. Mikołaja Kopernika 6
80-208 Gdańsk";-1
Medycyna pracy;;
Wojewódzki Ośrodek Medycyny Pracy;"ul. Okrąg 1B
80-871 Gdańsk";0
"MEDPHARMA ZAKŁAD OPIEKI ZDROWOTNEJ SPÓŁKA
AKCYJNA
Poradnia Medycyny Pracy";"ul. Aleja Jana Pawła II 5
83-200 Starogard
Gdański";0
Medycyna ratunkowa;;
"Szpital Specjalistyczny im. J. K. Łukowicza w Chojnicach
Szpitalny Oddział Ratunkowy";"ul. Leśna 10
89-600 Chojnice";4
"COPERNICUS PODMIOT LECZNICZY SPÓŁKA Z
OGRANICZONĄ ODPOWIEDZIALNOŚCIĄ
Szpitalny Oddział Ratunkowy";"ul. Nowe Ogrody 1-6
80-803 Gdańsk";6
"SZPITALE POMORSKIE SPÓŁKA Z OGRANICZONĄ
ODPOWIEDZIALNOŚCIĄ
Szpital Św. Wincentego a Paulo Szpitalny Oddział
Ratunkowy";"ul. Wójta Radtkego 1
81-348 Gdynia";6
"Powiatowe Centrum Zdrowia Sp. z o.o.
SZPITAL POWIATOWY W KARTUZACH IM. DR ALEKSANDRA
MAJKOWSKIEGO Szpitalny Oddział Ratunkowy";"ul. Floriana Ceynowy 7
83-300 Kartuzy";2
"Uniwersyteckie Centrum Kliniczne
Kliniczny Oddział Ratunkowy";"ul. Mariana
Smoluchowskiego 17
80-214 Gdańsk";5
"COPERNICUS PODMIOT LECZNICZY SPÓŁKA Z
OGRANICZONĄ ODPOWIEDZIALNOŚCIĄ
Szpital św. Wojciecha, Szpitalny Oddział Ratunkowy";"ul. al. Jana Pawła II 50
80-462 Gdańsk";8
"WOJEWÓDZKI SZPITAL SPECJALISTYCZNY IM. JANUSZA
KORCZAKA W SŁUPSKU SPÓŁKA Z OGRANICZONĄ
ODPOWIEDZIALNOŚCIĄ
Szpitalny oddział ratunkowy";"ul. Hubalczyków 1
76-200 Słupsk";1
"SZPITALE POMORSKIE SPÓŁKA Z OGRANICZONĄ
ODPOWIEDZIALNOŚCIĄ
Szpital Specjalistyczny im. F. Ceynowy, Szpitalny Oddział
Ratunkowy";"ul. dr. Alojzego
Jagalskiego 10
84-200 Wejherowo";8
"SZPITAL SPECJALISTYCZNY W KOŚCIERZYNIE SPÓŁKA Z
OGRANICZONĄ ODPOWIEDZIALNOŚCIĄ
Szpitalny Oddział Ratunkowy";"ul. Alojzego
Piechowskiego 36
83-400 Kościerzyna";5
"Samodzielny Publiczny Specjalistyczny Zakład Opieki
Zdrowotnej
Szpitalny Oddział Ratunkowy";"ul. Juliana
Węgrzynowicza 13
84-300 Lębork";1
Medycyna rodzinna;;
NZOZ Przychodnia Morena Sp. z o.o.;"ul. Jaśkowa Dolina 105
80-286 Gdańsk";0
"Puckie Centrum Medyczne Sp. z o.o. Sp.k.
Poradnia (Gabinet) lekarza podstawowej opieki zdrowotnej
w Pucku";"ul. Wojska Polskiego 22
84-100 Puck";5
"PANACEUM Sp. z o.o.
Niepubliczny Zakład Opieki Zdrowotnej Poradnia Medycyny
Rodzinnej";"ul. Katowicka 16
84-230 Rumia";1
"""MEDYCYNA RODZINNA"" HANNA CYWIŃSKA, MIROSŁAW
RUCIŃSKI SPÓŁKA JAWNA
Poradnia Lekarza POZ";"ul. Pucka 11
84-200 Wejherowo";2
"NIEPUBLICZNY ZAKŁAD OPIEKI ZDROWOTNEJ PRZYCHODNIA
LEKARSKA ""DZIAŁKI LEŚNE"" SPÓŁKA Z OGRANICZONĄ
ODPOWIEDZIALNOŚCIĄ
Poradnia lekarza POZ";"ul. Warszawska 34/36
81-317 Gdynia";-1
"""Solidus"" - Spółka Partnerska Lekarska A. Buraszewska, M.
Sokalska, H. Szmeichel-Procyk, A. Wysłouch
Poradnia (gabinet) Podstawowej Opieki Zdrowotnej";"ul. Limanowskiego 23
82-440 Dzierzgoń";2
"HIPOKRATES spółka z ograniczoną odpowiedzialnością
Niepubliczny Zakład Opieki Zdrowotnej ""Hipokrates"",
Poradnia (gabinet) lekarza POZ";"ul. Góralska 3
80-292 Gdańsk";2
"Niepubliczny Zakład Opieki Zdrowotnej Nr 1 Katarzyna
Szalewska, Poradnia Lekarza poz";"ul. Derdowskiego 24
84-230 Rumia";0
"Przychodnia ""NA WZGÓRZU"" Spółka z ograniczoną
odpowiedzialnością
Poradnia POZ";"ul. Jaworzniaków 37
80-180 Gdańsk";1
"""MEDICUS"" Sp. z o. o.
Poradnia Lekarza POZ";"ul. Batorego 4B
89-650 Czersk";2
"BARTOSZ KOTAS NIEPUBLICZNY OŚRODEK ZDROWIA
NIEPUBLICZNY OŚRODEK ZDROWIA";"ul. - 26/- 83-420
LUBIESZYN";0
"Niepubliczny Zakład Opieki Zdrowotnej w Krokowej
Wojciech Targowski
Poradnia lekarza POZ";"ul. Żarnowiecka 6
84-110 Krokowa";0
"Maria Nowak - Niepubliczny Zakład Opieki Zdrowotnej
Poradnia Lekarza POZ";"ul. Lęborska 9
77-116 Czarna Dąbrówka";0
"Niepubliczny Zakład Opieki Zdrowotnej ""Przychodnia""
Spółka z ograniczoną odpowiedzialnością
Poradnia lekarza POZ";"ul. Marii Skłodowskiej-Curie 7
83-400 Kościerzyna";2
"Centrum Opieki Medycznej EXTRA-MED Spółka z
ograniczoną odpowiedzialnością
Poradnia (gabinet) lekarza podstawowej opieki zdrowotnej";"ul. Batalionów
Chłopskich 7
81-452 Gdynia";1
"Przychodnia Rogowscy Spółka z ograniczoną
odpowiedzialnością Spółka komandytowa
Przychodnia Rogowscy";"ul. 30 Stycznia 55
83-110 Tczew";1
"NOVA SPÓŁKA Z OGRANICZONĄ ODPOWIEDZIALNOŚCIĄ
GABINET LEKARZA POZ";"ul. Alojzego
Piechowskiego 55
83-400 Kościerzyna";2
"Niepubliczny Zakład Opieki Zdrowotnej ""PULS""
Poradnia/Gabinet Lekarza POZ";"ul. Zwycięstwa 4
84-200 Lębork";3
"Przychodnia Orłowo
Poradnia Lekarza POZ";"ul. Wrocławska 54
81-553 Gdynia";-1
Centrum Medyczne Świętego Łukasz Sp. z o.o. Sp. k.;"ul. Długa 36C
83-307 Kiełpino";0
"""NIEPUBLICZNY ZAKŁAD OPIEKI ZDROWOTNEJ W REDZIE""
SPÓŁKA Z OGRANICZONĄ ODPOWIEDZIALNOŚCIĄ
Poradnia (gabinet) lekarza podstawowej opieki zdrowotnej";"ul. Łąkowa 1
84-240 Reda";-1
"Kaszubskie Centrum Medyczne w Sierakowicach
Poradnia (gabinet) lekarza Podstawowej Opieki Zdrowotnej";"ul. Lęborska 34
83-340 Sierakowice";0
"PRZYCHODNIA AKSAMITNA SPÓŁKA Z OGRANICZONĄ
ODPOWIEDZIALNOŚCIĄ
Poradnia Lekarza POZ";"ul. Aksamitna 1
80-858 Gdańsk";0
"CENTRUM MEDYCZNE ""ZASPA"" SPÓŁKA Z OGRANICZONĄ
ODPOWIEDZIALNOŚCIĄ
Poradnia Lekarza POZ";"ul. Zbigniewa
Burzyńskiego 1
80-462 Gdańsk";1
"Szpital Specjalistyczny im. J. K. Łukowicza w Chojnicach
Poradnia lekarza POZ";"ul. Leśna 10
89-600 Chojnice";2
"Przychodnia Lekarska Nowy Chełm Sp. z o.o.
Poradnia Lekarza Podstawowej Opieki Zdrowotnej";"ul. Tytusa Chałubińskiego
23
80-807 Gdańsk";0
"CENTRUM MEDYCYNY RODZINNEJ GDAŃSKIEGO
UNIWERSYTETU MEDYCZNEGO SPÓŁKA Z OGRANICZONĄ
ODPOWIEDZIALNOŚCIĄ
Poradnia (gabinet) lekarza podstawowej opieki zdrowotnej";"ul. Dębinki 7
80-211 Gdańsk";0
"WJS Spółka z o.o.
NZOZ Wanda Kabata - Medycyna Rodzinna";"ul. Adama Mickiewicza
20A/2, 80-425 Gdańsk";1
"PRZYCHODNIA BALTIMED SPÓŁKA Z OGRANICZONĄ
ODPOWIEDZIALNOŚCIĄ SPÓŁKA KOMANDYTOWA
Poradnia lekarza POZ";"ul. Krzemowa 16
80-041 Gdańsk";0
"Nadmorskie Centrum Medyczne Sp. z o.o.
Poradnia Lekarza POZ";"ul. Majewskich 26
80-457 Gdańsk";0
"Wojewódzki Szpital Specjalistyczny im. Janusza Korczaka w
Słupsku Sp. z o.o.";"ul. Hubalczyków 1
76-200 Słupsk";6
"Centrum Medyczne ""SOPMED"" Sp. z o.o. Przychodnia";"ul. Bolesława Chrobrego
6/8
81-756 Sopot";2
"""PRZYCHODNIA WASSOWSKIEGO"" SPÓŁKA Z OGRANICZONĄ
ODPOWIEDZIALNOŚCIĄ
Poradnia Lekarza POZ";"ul. Wassowskiego 2
80-225 Gdańsk";0
"""Niepubliczny Zakład Opieki Zdrowotnej ETER-MED"" Spółka
z ograniczoną odpowiedzialnością";"ul. Żabi Kruk 10
80-822 Gdańsk";1
"Centrum Medyczne POLIMED Sp. z o.o
Podstawowa Opieka Zdrowotna";"ul. Niepodległości 3
83-110 Tczew";0
"Niepubliczny Zakład Opieki Zdrowotnej ""MEDYK""
Poradnia Lekarza POZ";"ul. Wojska Polskiego 5
83-110 Tczew";1
"Samodzielny Publiczny Zakład Opieki Zdrowotnej
""Przychodnia Lekarska""
Poradnia ogólna, Poradnia dla dzieci, Poradnie
Specjalistyczne, Domowa Opieka Paliatywno-Hospicyjna";"ul. gen. Józefa Hallera 21
83-200 Starogard
Gdański";3
"NIEPUBLICZNY ZAKŁAD OPIEKI ZDROWOTNEJ ""BUKOWA""
SPÓŁKA Z OGRANICZONĄ ODPOWIEDZIALNOŚCIĄ
Poradnia Lekarza POZ";"ul. Bukowa 2A
84-200 Wejherowo";0
"Niepubliczny Zakład Opieki Zdrowotnej Centrum Medyczne
""KASZUBY"" Sp. z o.o., Poradnia lekarza POZ";"ul. ul. Dworcowa 2
83-300 Kartuzy";1
"Niepubliczny Zakład Opieki Zdrowotnej Ars Medica spółka
cywilna Janusz Mikulski, Arleta Mikulska, Marcin Mikulski,
Piotr Mikulski
Poradnia lekarza POZ";"ul. Marszałka Józefa
Piłsudskiego 48A
84-230 Rumia";0
"GRAŻYNA PIETRZAK, ""ŻYCIE"" NIEPUBLICZNY ZAKŁAD OPIEKI
ZDROWOTNEJ
Poradnia lekarza POZ";"ul. Nowowiejskiego 21
82-400 Sztum";0
"Niepubliczny Zakład Opieki Zdrowotnej
""A.B.C. FAMILY MED""/Poradnia lekarza POZ";"ul. Małopolska 11/1
81-813 Sopot";0
"Medicover Spółka z ograniczoną odpowiedzialnością
Centrum Medicover Gdańsk Grunwaldzka, poradnia lekarza
podstawowej opieki zdrowotnej";"ul. Grunwaldzka 472a
80-309 Gdańsk";0
"NIEPUB. ZAKŁAD OPIEKI ZDROWOTNEJ PRAKTYKA
RODZINNA I SPECJALISTYCZNA ""FAMILIA"" HENRYK
BARTOSZEK
Poradnia Lekarza POZ";"ul. Obrońców Poczty
Polskiej 21/DEF
83-000 Pruszcz Gdański";0
"Starmed Spółka z Ograniczoną Odpowiedzialnością
Poradnia Lekarza POZ";"ul. Piecewska 25/6
80-288 Gdańsk";0
"M. Hofman, E. Kupc s.c.
Gabinet Lekarza POZ";"ul. Plac Wolności 23A
77-230 Kępice";0
"""Przychodnia u Źródła Marii"" Spółka z ograniczoną
odpowiedzialnością
Poradnia lekarza POZ";"ul. Zapolskiej 1A
81-596 Gdynia";0
"NIEPUBLICZNY ZAKŁAD OPIEKI ZDROWOTNEJ MEDYK
SPÓŁKA Z OGRANICZONĄ ODPOWIEDZIALNOŚCIĄ
Poradnia lekarza POZ";"ul. JURANDA ZE
SPYCHOWA 2, 83-200
STAROGARD GDAŃSKI";2
"MEDICAL MEDYCYNA SPÓŁKA Z OGRANICZONĄ
ODPOWIEDZIALNOŚCIĄ
Poradnia (gabinet) lekarza podstawowej opieki zdrowotnej";"ul. Wojska Polskiego 5A
83-110 Tczew";0
"Anna Kołakowska
Niepubliczny Zakład Opieki Zdrowotnej ""Medicus"", Poradnia
lekarza POZ";"ul. Łąkowa 33
82-550 Prabuty";1
"Krystyna Góralczyk
Poradnia lekarza POZ";"ul. Polna 3/42
84-200 Wejherowo";0
"OŚRODEK MEDYCZNY ""MEDERI"" E. I M.WINIARSCY, B. I
K.LUTOMIRSCY SPÓŁKA JAWNA
Ośrodek Medyczny ""MEDERI"", Poradnia lekarza POZ";"ul. Tadeusza
Kotarbińskiego 10
82-200 Malbork";0
"""ALTE"" SPÓŁKA Z OGRANICZONĄ ODPOWIEDZIALNOŚCIĄ
Poradnia lekarza POZ";"ul. Drzymały 33
89-620 Chojnice";0
"Samodzielny Publiczny Miejski Zakład Opieki Zdrowotnej w
Słupsku
Poradnia lekarza POZ";"ul. Władysława Łokietka
6
76-200 Słupsk";3
"Vita-Med Centrum Opieki Medycznej sp z o.o.
Poradnia lekarza poz";"ul. Wejherowska 59
81-049 Gdynia";1
"NIEPUB. ZAKŁAD OPIEKI ZDROWOTNEJ PRAKTYKA
RODZINNA I SPECJALISTYCZNA ""FAMILIA"" HENRYK
BARTOSZEK
Poradnia lekarza POZ";"ul. Henryka Sienkiewicza
9
83-000 Pruszcz Gdański";0
"NIEPUBLICZNY ZAKŁAD OPIEKI ZDROWOTNEJ SANMED
SPÓŁKA Z OGRANICZONĄ ODPOWIEDZIALNOŚCIĄ
Poradnia lekarza POZ";"ul. Kołłątaja 3
82-500 Kwidzyn";2
"Samodzielny Publiczny Specjalistyczny Zakład Opieki
Zdrowotnej
Poradnia lekarza POZ";"ul. Juliana
Węgrzynowicza 13
84-300 Lębork";0
"Praktyka Lekarza Rodzinnego Teresa Wysocka
Poradnia (gabinet) lekarza rodzinnego";"ul. Plac Kaszubski 7
83-050 Kolbudy";0
"""PRZYCHODNIA LEKARSKA WITOMINO"" SPÓŁKA Z
OGRANICZONĄ ODPOWIEDZIALNOŚCIĄ
Poradnia lekarza podstawowej opieki zdrowotnej";"ul. KONWALIOWA 2
81-651 GDYNIA";2
"Gminny Ośrodek Zdrowia w Skarszewach
Poradnia (gabinet) lekarza podstawowej opieki zdrowotnej";"ul. Dworcowa 11
83-250 Skarszewy";1
"""CENTRUM MEDYCZNE"" SPÓŁKA Z OGRANICZONĄ
ODPOWIEDZIALNOŚCIĄ
Poradnia lekarza POZ";"ul. Wojska Polskiego 11
83-000 Pruszcz Gdański";3
"LEKARZ POMORZE IGOR GUSARSKI
Poradnia(gabinet)lekarza podstawowej opieki zdrowotnej";"ul. JANA III SOBIESKIEGO
22
77-133 TUCHOMIE";2
"POWIATOWE CENTRUM ZDROWIA SPÓŁKA Z
OGRANICZONĄ ODPOWIEDZIALNOŚCIĄ
Poradnia Lekarza POZ";"ul. Dworcowa 12
82-100 Nowy Dwór
Gdański";2
"Niepubliczny Zakład Opieki Zdrowotnej ""Śródmieście""
Spółka z ograniczoną odpowiedzialnością
Poradnia (gabinet) lekarza podstawowej opieki zdrowotnej";"ul. Białowieska 1
81-179 Gdynia";0
"T&M Spółka z ograniczoną odpowiedzialnością
Niepubliczny Zakład Opieki Zdrowotnej ""Puchatek""
Przychodnia Specjalistyczna w Człuchowie Poradnia lekarza
rodzinnego";"ul. Sobieskiego 5
77-300 Człuchów";2
"Therapeutica Spółka z ograniczoną odpowiedzialnością
Poradnia lekarza POZ";"ul. Bytowska 70
89-600 Chojnice";2
"LUX MED Spółka z ograniczoną odpowiedzialnością
Poradnia (gabinet) lekarza podstawowej opieki zdrowotnej
(Centrum Medyczne LUX MED ul. Jaśkowa Dolina 132, 80-286 Gdańsk)";"ul. Jaśkowa Dolina 132
80-286 Gdańsk";3
"Lux Med Spółka z ograniczoną odpowiedzialnością
Poradnia (gabinet) podstawowej opieki zdrowotnej
(Centrum Medyczne LUX MED ul. Wita Stwosza 1, 83-000
Pruszcz Gdański, filia Centrum Medyczne LUX MED ul.
Jaśkowa Dolina 132, 80-286 Gdańsk)";"ul. Wita Stwosza 1
83-000 Pruszcz Gdański";2
"Lux Med Spółka z ograniczoną odpowiedzialnością
Poradnia lekarza POZ (Centrum Medyczne Medycyna
Rodzinna ul. Pomorska 96, 80-333 Gdańsk)";"ul. Pomorska 96
80-333 Gdańsk";4
Medycyna sądowa;;
"Gdański Uniwersytet Medyczny
Katedra i Zakład Medycyny Sądowej";ul. Marii Skłodowskiej-Curie 3A, 80-210 Gdańsk;4
Medycyna sportowa;;
"""NIEPUBLICZNY ZAKŁAD OPIEKI ZDROWOTNEJ ETER-MED""
SPÓŁKA Z OGRANICZONĄ ODPOWIEDZIALNOŚCIĄ
Poradnia Medycyny Sportowej";"ul. Jaskółcza 7/15
80-767 Gdańsk";0
"Samodzielny Publiczny Zakład Opieki Zdrowotnej Centralny
Ośrodek Medycyny Sportowej
Poradnia Medycyny Sportowej Samodzielny Publiczny
Zakład Opieki Zdrowotnej Centralny Ośrodek Medycyny
Sportowej fila w Gdyni";"ul. Olimpijska 5/9
81-538 Gdynia";2
Mikrobiologia lekarska;;
"Uniwersyteckie Centrum Kliniczne
Uniwersyteckie Centrum Medycyny Laboratoryjnej
Laboratorium Mikrobiologii Klinicznej";"ul. Dębinki 7
80-952 Gdańsk";1
Nefrologia;;
"Uniwersyteckie Centrum Kliniczne
Klinika Nefrologii, Transplantologii i Chorób Wewnętrznych";"ul. Dębinki 7
80-952 Gdańsk";9
"WOJEWÓDZKI SZPITAL SPECJALISTYCZNY IM. JANUSZA
KORCZAKA W SŁUPSKU SPÓŁKA Z OGRANICZONĄ
ODPOWIEDZIALNOŚCIĄ
Oddział nefrologiczny";"ul. Hubalczyków 1 7
6-200 Słupsk";-1
Nefrologia dziecięca;;
"Uniwersyteckie Centrum Kliniczne
Klinika Chorób Nerek i Nadciśnienia Dzieci i Młodzieży";"ul. Dębinki 7
80-952 Gdańsk";4
Neonatologia;;
"COPERNICUS PODMIOT LECZNICZY SPÓŁKA Z
OGRANICZONĄ ODPOWIEDZIALNOŚCIĄ
Szpital św. Wojciecha, Oddział Neonatologii i Intensywnej
Terapii Noworodka";"ul. al. Jana Pawła II 50
80-462 Gdańsk";-1
"Uniwersyteckie Centrum Kliniczne
Klinika Neonatologii";"ul. Mariana
Smoluchowskiego 17
80-214 Gdańsk";2
"Samodzielny Publiczny Specjalistyczny Zakład Opieki
Zdrowotnej
Oddział Neonatologiczny";"ul. Juliana
Węgrzynowicza 13
84-300 Lębork";1
"WOJEWÓDZKI SZPITAL SPECJALISTYCZNY IM. JANUSZA
KORCZAKA W SŁUPSKU SPÓŁKA Z OGRANICZONĄ
ODPOWIEDZIALNOŚCIĄ
Oddział Neonatologiczny";"ul. Hubalczyków 1
76-200 Słupsk";1
"SZPITALE POMORSKIE SPÓŁKA Z OGRANICZONĄ
ODPOWIEDZIALNOŚCIĄ
Szpital Morski im. PCK Oddział Neonatologiczny i
Intensywnej Terapii Noworodka";"ul. Powstania
Styczniowego 1
81-519 Gdynia";2
"SZPITALE POMORSKIE SPÓŁKA Z OGRANICZONĄ
ODPOWIEDZIALNOŚCIĄ
Szpital Specjalistyczny im. F. Ceynowy Oddział Neonatologii
i Intensywnej Terapii Noworodka";"ul. dr. Alojzego
Jagalskiego 10
84-200 Wejherowo";4
Neurochirurgia;;
"Uniwersyteckie Centrum Kliniczne
Klinika Neurochirurgii";"ul. Mariana
Smoluchowskiego 17
80-214 Gdańsk";1
"COPERNICUS PODMIOT LECZNICZY SPÓŁKA Z
OGRANICZONĄ ODPOWIEDZIALNOŚCIĄ
Oddział Neurochirurgii";"ul. Nowe Ogrody 1-6
80-803 Gdańsk";1
"WOJEWÓDZKI SZPITAL SPECJALISTYCZNY IM. JANUSZA
KORCZAKA W SŁUPSKU SPÓŁKA Z OGRANICZONĄ
ODPOWIEDZIALNOŚCIĄ
Oddział neurochirurgiczny";"ul. Hubalczyków 1
76-200 Słupsk";2
Neurologia;;
"COPERNICUS PODMIOT LECZNICZY SPÓŁKA Z
OGRANICZONĄ ODPOWIEDZIALNOŚCIĄ
Oddział Neurologiczny";"ul. Nowe Ogrody 1-6
80-803 Gdańsk";1
"COPERNICUS PODMIOT LECZNICZY SPÓŁKA Z
OGRANICZONĄ ODPOWIEDZIALNOŚCIĄ
Szpital św. Wojciecha Oddział Neurologiczny, Oddział
Udarowy";"ul. al. Jana Pawła II 50
80-462 Gdańsk";0
"Szpital Specjalistyczny im. J. K. Łukowicza w Chojnicach
Oddział Neurologiczny i Oddział Udarowy";"ul. Leśna 10
89-600 Chojnice";3
"Uniwersyteckie Centrum Kliniczne
Klinika Neurologii Dorosłych";"ul. Dębinki 7
80-952 Gdańsk";4
"SZPITAL SPECJALISTYCZNY W KOŚCIERZYNIE SPÓŁKA Z
OGRANICZONĄ ODPOWIEDZIALNOŚCIĄ
Oddział Neurologii i Leczenia Stwardnienia Rozsianego";"ul. Alojzego
Piechowskiego 36
83-400 Kościerzyna";0
"Wojewódzki Szpital Specjalistyczny im. Janusza Korczaka w
Słupsku Sp. z o.o.
Oddział Neurologiczny, Oddział Udarowy";"ul. Hubalczyków 1
76-200 Słupsk";1
"SZPITALE POMORSKIE SPÓŁKA Z OGRANICZONĄ
ODPOWIEDZIALNOŚCIĄ
Szpital św. Wincentego a Paulo Oddział Neurologiczny i
Oddział Udarowy";"ul. Wójta Radtkego 1
81-348 Gdynia";0
"KOCIEWSKIE CENTRUM ZDROWIA SPÓŁKA Z OGRANICZONĄ
ODPOWIEDZIALNOŚCIĄ
Szpital Św. Jana Oddział Neurologiczny z Pododdziałem
Udarowym";"ul. dra Józefa
Balewskiego 1
83-200 Starogard
Gdański";3
"SZPITALE POMORSKIE SPÓŁKA Z OGRANICZONĄ
ODPOWIEDZIALNOŚCIĄ
Szpital Specjalistyczny im. F. Ceynowy Oddział Neurologii z
Oddziałem Udarowym";"ul. dr. Alojzego
Jagalskiego 10
84-200 Wejherowo";4
Neurologia dziecięca;;
"Uniwersyteckie Centrum Kliniczne
Klinika Neurologii Rozwojowej";"ul. Dębinki 7
80-952 Gdańsk";3
Neuropatologia;;
"COPERNICUS PODMIOT LECZNICZY SPÓŁKA Z
OGRANICZONĄ ODPOWIEDZIALNOŚCIĄ
Zakład Patomorfologii";"ul. Nowe Ogrody 1-6
80-803 Gdańsk";0
"Uniwersyteckie Centrum Kliniczne
Uniwersyteckie Centrum Medycyny Laboratoryjnej
Laboratorium Patomorfologii Klinicznej";"ul. Mariana
Smoluchowskiego 17
80-214 Gdańsk";2
Okulistyka;;
"Szpital Specjalistyczny im. J. K. Łukowicza w Chojnicach
Oddział Okulistyczny";"ul. Leśna 10
89-600 Chojnice";0
"SZPITALE POMORSKIE SPÓŁKA Z OGRANICZONĄ
ODPOWIEDZIALNOŚCIĄ
Szpital Morski im. PCK, Oddział Okulistyczny";"ul. Powstania
Styczniowego 1
81-519 Gdynia";1
"Uniwersyteckie Centrum Kliniczne
Klinika Okulistyki";"ul. Mariana
Smoluchowskiego 17
80-214 Gdańsk";-1
"COPERNICUS PODMIOT LECZNICZY SPÓŁKA Z
OGRANICZONĄ ODPOWIEDZIALNOŚCIĄ
Szpital św. Wojciecha, Oddział Okulistyczny";"ul. al. Jana Pawła II 50
80-462 Gdańsk";-1
"SZPITALE POMORSKIE SPÓŁKA Z OGRANICZONĄ
ODPOWIEDZIALNOŚCIĄ
Szpital Specjalistyczny im. F. Ceynowy Oddział Okulistyki";"ul. dr. Alojzego
Jagalskiego 10
84-200 Wejherowo";0
"WOJEWÓDZKI SZPITAL SPECJALISTYCZNY IM. JANUSZA
KORCZAKA W SŁUPSKU SPÓŁKA Z OGRANICZONĄ
ODPOWIEDZIALNOŚCIĄ
Oddział okulistyczny";"ul. Hubalczyków 1
76-200 Słupsk";-1
"KOCIEWSKIE CENTRUM ZDROWIA SPÓŁKA Z OGRANICZONĄ
ODPOWIEDZIALNOŚCIĄ
Szpital św. Jana Oddział Okulistyczny";"ul. dra Józefa
Balewskiego 1
83-200 STAROGARD
GDAŃSKI";0
Onkologia i hematologia dziecięca;;
"Uniwersyteckie Centrum Kliniczne
Klinika Pediatrii, Hematologii i Onkologii";"ul. Dębinki 7
80-952 Gdańsk";2
Onkologia kliniczna;;
"WOJEWÓDZKI SZPITAL SPECJALISTYCZNY IM. JANUSZA
KORCZAKA W SŁUPSKU SPÓŁKA Z OGRANICZONĄ
ODPOWIEDZIALNOŚCIĄ
Oddział onkologii klinicznej, chemioterapii";"ul. Hubalczyków 1
76-200 Słupsk";5
"SZPITALE POMORSKIE SPÓŁKA Z OGRANICZONĄ
ODPOWIEDZIALNOŚCIĄ
Szpital Morski im. PCK Oddział Onkologii i Radioterapii";"ul. Powstania
Styczniowego 1
81-519 Gdynia";1
"Uniwersyteckie Centrum Kliniczne
Klinika Onkologii i Radioterapii";"ul. Mariana
Smoluchowskiego 17
80-214 Gdańsk";-1
"COPERNICUS PODMIOT LECZNICZY SPÓŁKA Z
OGRANICZONĄ ODPOWIEDZIALNOŚCIĄ
Wojewódzkie Centrum Onkologii, Oddział Onkologiczny";"ul. Al. Zwycięstwa 31/32
80-219 Gdańsk";1
Ortodoncja;;
"MEDYCYNA SPECJALISTYCZNA ZAKŁAD OPIEKI
ZDROWOTNEJ SPÓŁKA Z OGRANICZONĄ
ODPOWIEDZIALNOŚCIĄ
Poradnia stomatologiczna";"ul. Grunwaldzka 36 A
81-754 Sopot";1
"Uniwersyteckie Centrum Stomatologiczne Gdańskiego
Uniwersytetu Medycznego spółka z ograniczoną
odpowiedzialnością
Poradnia Ortodoncji";"ul. Aleja Zwycięstwa 42C
80-210 Gdańsk";0
"ARLETA JAŻDŻEWSKA Stomatologia Uśmiechnij się
Poradnia Ortodontyczna";"ul. Wołodyjowskigo 2
77-300 Człuchów";0
Ortopedia i traumatologia narządu ruchu;;
"Szpital Specjalistyczny im. J. K. Łukowicza w Chojnicach
Oddział Chirurgii Urazowo-Ortopedycznej";"ul. Leśna 10
89-600 Chojnice";4
"Uniwersyteckie Centrum Kliniczne
Klinika Ortopedii, Traumatologii Narządu Ruchu i Chirurgii
Ręki";"ul. Mariana
Smoluchowskiego 17
80-214 Gdańsk";1
"COPERNICUS PODMIOT LECZNICZY SPÓŁKA Z
OGRANICZONĄ ODPOWIEDZIALNOŚCIĄ
Oddział Chirurgii Urazowo-Ortopedycznej";"ul. Nowe Ogrody 1-6
80-803 Gdańsk";6
"COPERNICUS PODMIOT LECZNICZY SPÓŁKA Z
OGRANICZONĄ ODPOWIEDZIALNOŚCIĄ
Szpital św. Wojciecha, Oddział Chirurgii Urazowo-Ortopedycznej";"ul. al. Jana Pawła II 50
80-462 Gdańsk";0
"COPERNICUS PODMIOT LECZNICZY SPÓŁKA Z
OGRANICZONĄ ODPOWIEDZIALNOŚCIĄ
Kliniczny Oddział Ortopedii i Traumatologii Narządu Ruchu
dla Dorosłych Gdańskiego Uniwersytetu Medycznego";"ul. Nowe Ogrody 1-6
80-803 Gdańsk";1
"SZPITALE POMORSKIE SPÓŁKA Z OGRANICZONĄ
ODPOWIEDZIALNOŚCIĄ
Szpital Św. Wincentego a Paulo Oddział Chirurgii Urazowo-Ortopedycznej";"ul. Wójta Radtkego 1
81-348 Gdynia";1
"WOJEWÓDZKI SZPITAL SPECJALISTYCZNY IM. JANUSZA
KORCZAKA W SŁUPSKU SPÓŁKA Z OGRANICZONĄ
ODPOWIEDZIALNOŚCIĄ
Oddział chirurgii urazowo-ortopedycznej";"ul. Hubalczyków 1
76-200 Słupsk";3
"KOCIEWSKIE CENTRUM ZDROWIA SPÓŁKA Z OGRANICZONĄ
ODPOWIEDZIALNOŚCIĄ
Szpital Św. Jana Oddział Ortopedii i Traumatologii Narządu
Ruchu";"ul. dra Józefa
Balewskiego 1 83-200
Starogard Gdański";1
"SZPITAL SPECJALISTYCZNY W KOŚCIERZYNIE SPÓŁKA Z
OGRANICZONĄ ODPOWIEDZIALNOŚCIĄ
Oddział Ortopedii i Traumatologii Narządu Ruchu";"ul. Alojzego
Piechowskiego 36
83-400 Kościerzyna";3
"Samodzielny Publiczny Specjalistyczny Zakład Opieki
Zdrowotnej
Oddział Chirurgii Urazowo-Ortopedycznej";"ul. Juliana
Węgrzynowicza 13
84-300 Lębork";2
"SZPITALE POMORSKIE SPÓŁKA Z OGRANICZONĄ
ODPOWIEDZIALNOŚCIĄ
Szpital Specjalistyczny im. F. Ceynowy Oddział Ortopedii i
Traumatologii Narządu Ruchu";"ul. dr. Alojzego
Jagalskiego 10
84-200 Wejherowo";3
Otorynolaryngologia;;
"Uniwersyteckie Centrum Kliniczne
Klinika Otolaryngologii z Oddziałem Chirurgii Szczękowo-Twarzowej";"ul. Mariana
Smoluchowskiego 17
80-214 Gdańsk";0
"COPERNICUS PODMIOT LECZNICZY SPÓŁKA Z
OGRANICZONĄ ODPOWIEDZIALNOŚCIĄ
Oddział Otolaryngologiczny";"ul. Powstańców
Warszawskich 1/2
80-152 Gdańsk";-2
"Szpital Specjalistyczny im. J. K. Łukowicza w Chojnicach
Oddział Otolaryngologiczny";"ul. Leśna 10
89-600 Chojnice";1
"SZPITALE POMORSKIE SPÓŁKA Z OGRANICZONĄ
ODPOWIEDZIALNOŚCIĄ
Szpital Specjallistyczny im. F. Ceynowy Sp. z o.o., Oddział
Otolaryngologiczny";"ul. dr. Alojzego
Jagalskiego 10
84-200 Wejherowo";"(2)
przewidywana
utrata miejsc
akredytacyjnych"
"Szpitale Pomorskie Sp. z o.o.
Szpital Św. Wincentego a Paulo Oddział
Otorynolaryngologiczny";"ul. Wójta Radtkego 1
81-348 Gdynia";-3
"WOJEWÓDZKI SZPITAL SPECJALISTYCZNY IM. JANUSZA
KORCZAKA W SŁUPSKU SPÓŁKA Z OGRANICZONĄ
ODPOWIEDZIALNOŚCIĄ
Oddział otorynolaryngologiczny";"ul. Hubalczyków 1
76-200 Słupsk";1
Otorynolaryngologia dziecięca;;
"Uniwersyteckie Centrum Kliniczne
Klinika Otolaryngologii z Oddziałem Chirurgii Szczękowo-Twarzowej";"ul. Mariana
Smoluchowskiego 17
80-214 Gdańsk";0
Patomorfologia;;
"Uniwersyteckie Centrum Kliniczne
Uniwersyteckie Centrum Medycyny Laboratoryjnej
Laboratorium Patomorfologii Klinicznej";"ul. Mariana
Smoluchowskiego 17
80-214 Gdańsk";4
"COPERNICUS PODMIOT LECZNICZY SPÓŁKA Z
OGRANICZONĄ ODPOWIEDZIALNOŚCIĄ
Zakład Patomorfologii";"ul. Nowe Ogrody 1-6
80-803 Gdańsk";1
"WOJEWÓDZKI SZPITAL SPECJALISTYCZNY IM. JANUSZA
KORCZAKA W SŁUPSKU SPÓŁKA Z OGRANICZONĄ
ODPOWIEDZIALNOŚCIĄ
Zakład patomorfologii";"ul. Hubalczyków 1
76-200 Słupsk";2
"SZPITALE POMORSKIE SPÓŁKA Z OGRANICZONĄ
ODPOWIEDZIALNOŚCIĄ
Szpital Specjalistyczny im. F. Ceynowy, Zakład Patologii";"ul. dr. Alojzego
Jagalskiego 10
84-200 Wejherowo";0
"COPERNICUS PODMIOT LECZNICZY SPÓŁKA Z
OGRANICZONĄ ODPOWIEDZIALNOŚCIĄ
Szpital św. Wojciecha, Zakład Patomorfologii";"ul. al. Jana Pawla II 50
80-462 Gdańsk";2
"SZPITALE POMORSKIE SPÓŁKA Z OGRANICZONĄ
ODPOWIEDZIALNOŚCIĄ
Szpital Morski im. PCK Zakład Patomorfologii";"ul. Powstania
Styczniowego 1
81-519 Gdynia";1
Pediatria;;
"Szpital Powiatu Bytowskiego Sp. z o.o.
Niepubliczny Zakład Opieki Zdrowotnej, Pion Opieki
Stacjonarnej w Bytowie Oddział Dziecięcy";"ul. Lęborska 13
77-100 Bytów";1
"COPERNICUS PODMIOT LECZNICZY SPÓŁKA Z
OGRANICZONĄ ODPOWIEDZIALNOŚCIĄ
Kliniczny Oddział Pediatrii Gdańskiego Uniwersytetu
Medycznego";"ul. Nowe Ogrody 1-6
80-803 Gdańsk";-4
"COPERNICUS PODMIOT LECZNICZY SPÓŁKA Z
OGRANICZONĄ ODPOWIEDZIALNOŚCIĄ
Szpital św. Wojciecha, ODDZIAŁ PEDIATRYCZNY";"ul. al. Jana Pawła II 50
80-462 Gdańsk";0
"Szpital Specjalistyczny im. J. K. Łukowicza w Chojnicach
Oddział Pediatryczny";"ul. Leśna 10
89-600 Chojnice";3
"Samodzielny Publiczny Zakład Opieki Zdrowotnej
Oddział Dziecięcy";"ul. Szczecińska 31
77-300 Człuchów";1
"SZPITAL DZIECIĘCY POLANKI IM. MACIEJA PŁAŻYŃSKIEGO W
GDAŃSKU SPÓŁKA Z OGRANICZONĄ ODPOWIEDZIALNOŚCIĄ
Oddział Pediatryczny Obserwacyjny";"ul. Polanki 119
80-308 Gdańsk";0
"SZPITAL DZIECIĘCY POLANKI IM. MACIEJA PŁAŻYŃSKIEGO W
GDAŃSKU SPÓŁKA Z OGRANICZONĄ ODPOWIEDZIALNOŚCIĄ
Oddział niemowlęcy";"ul. Polanki 119
80-308 Gdańsk";-3
"SZPITAL DZIECIĘCY POLANKI IM. MACIEJA PŁAŻYŃSKIEGO W
GDAŃSKU SPÓŁKA Z OGRANICZONĄ ODPOWIEDZIALNOŚCIĄ
Oddział pediatrii i mukowiscydozy";"ul. Polanki 119
80-308 Gdańsk";-1
"SZPITAL DZIECIĘCY POLANKI IM. MACIEJA PŁAŻYŃSKIEGO W
GDAŃSKU SPÓŁKA Z OGRANICZONĄ ODPOWIEDZIALNOŚCIĄ
Oddział pediatryczny";"ul. Polanki 119
80-308 Gdańsk";0
"Powiatowe Centrum Zdrowia Sp. z o.o.
SZPITAL POWIATOWY W KARTUZACH IM. DR ALEKSANDRA
MAJKOWSKIEGO Oddział Pediatryczny";"ul. Floriana Ceynowy 7
83-300 Kartuzy";0
"SZPITAL SPECJALISTYCZNY W KOŚCIERZYNIE SPÓŁKA Z
OGRANICZONĄ ODPOWIEDZIALNOŚCIĄ
Oddział Dziecięcy";"ul. Alojzego
Piechowskiego 36
84-400 Kościerzyna";2
"SZPITALE POMORSKIE SPÓŁKA Z OGRANICZONĄ
ODPOWIEDZIALNOŚCIĄ
Szpital Św. Wincentego a Paulo Oddział Pediatryczny";"ul. Wójta Radtkego 1
81-348 Gdynia";-1
"SZPITALE POMORSKIE SPÓŁKA Z OGRANICZONĄ
ODPOWIEDZIALNOŚCIĄ
Szpital Morski im. PCK Oddział Pediatryczny";"ul. Powstania
Styczniowego 1
81-519 Gdynia";0
"POWIATOWE CENTRUM ZDROWIA SPÓŁKA Z
OGRANICZONĄ ODPOWIEDZIALNOŚCIĄ
Oddział pediatryczny";"ul. Aleja Armii Krajowej
105/106
82-200 Malbork";1
"Szpital Miejski w Miastku Sp. z o.o.
Oddział Pediatryczny";"ul. gen. Wybickiego 30
77-200 Miastko";4
"""Zdrowie"" Sp. z o.o.
NZOZ Oddział Dziecięcy";"ul. Józefa Hallera 31
82-500 Kwidzyn";5
"Samodzielny Publiczny Specjalistyczny Zakład Opieki
Zdrowotnej
Oddział Pediatryczny";"ul. Juliana
Węgrzynowicza 13
84-300 Lębork";2
"Szpitale Tczewskie Spółka Akcyjna
Oddział Pediatryczny";"ul. 30-go Stycznia 57/58
83-110 Tczew";2
"SZPITALE POMORSKIE SPÓŁKA Z OGRANICZONĄ
ODPOWIEDZIALNOŚCIĄ
Szpital Specjalistyczny im. F. Ceynowy Oddział Pediatrii";"ul. dr. Alojzego
Jagalskiego 10
84-200 Wejherowo";0
"WOJEWÓDZKI SZPITAL SPECJALISTYCZNY IM. JANUSZA
KORCZAKA W SŁUPSKU SPÓŁKA Z OGRANICZONĄ
ODPOWIEDZIALNOŚCIĄ
Oddział pediatryczny";"ul. Hubalczyków 1
76-200 Słupsk";2
"KOCIEWSKIE CENTRUM ZDROWIA SPÓŁKA Z OGRANICZONĄ
ODPOWIEDZIALNOŚCIĄ
Szpital św. Jana Oddział Pediatryczny";"ul. dra Józefa
Balewskiego 1
83-200 Starogard
Gdański";0
"Uniwersyteckie Centrum Kliniczne
Klinika Pediatrii, Diabetologii i Endokrynologii";"ul. Dębinki 7
80-952 Gdańsk";3
"Uniwersyteckie Centrum Kliniczne
Klinika Kardiologii Dziecięcej i Wad Wrodzonych Serca";"ul. Dębinki 7
80-952 Gdańsk";1
"Uniwersyteckie Centrum Kliniczne
Klinika Chorób Nerek i Nadciśnienia Dzieci i Młodzieży";"ul. Dębinki 7
80-952 Gdańsk";1
"Uniwersyteckie Centrum Kliniczne
Klinika Pediatrii, Hematologii i Onkologii";"ul. Dębinki 7
80-952 Gdańsk";5
"SZPITAL DZIECIĘCY POLANKI IM. MACIEJA PŁAŻYŃSKIEGO W
GDAŃSKU SPÓŁKA Z OGRANICZONĄ ODPOWIEDZIALNOŚCIĄ
Oddział alergologii, immunologii i chorób płuc";"ul. Polanki 119
80-308 Gdańsk";0
Pediatria metaboliczna;;
"Uniwersyteckie Centrum Kliniczne
Klinika Pediatrii, Hematologii i Onkologii";"ul. Dębinki 7
80-952 Gdańsk";2
Perinatologia;;
"Uniwersyteckie Centrum Kliniczne
Klinika Położnictwa";"ul. Mariana
Smoluchowskiego 17
80-214 Gdańsk";-1
Periodontologia;;
"Uniwersyteckie Centrum Stomatologiczne Gdańskiego
Uniwersytetu Medycznego spółka z ograniczoną
odpowiedzialnością
Poradnia Chorób Przyzębia i Błony Śluzowej Jamy Ustnej";"ul. Elizy Orzeszkowej
18 80-208 Gdańsk";0
Położnictwo i ginekologia;;
"""Szpitale Polskie"" Spółka Akcyjna
Szpital Polski Sztum Oddział Położniczo-Ginekologiczny";"ul. Reja 12
82-400 Sztum";1
"Szpitale Tczewskie Spółka Akcyjna
Oddział Ginekologiczno-Położniczy";"ul. 30 Stycznia 57
83-110 Tczew";0
"WOJEWÓDZKI SZPITAL SPECJALISTYCZNY IM. JANUSZA
KORCZAKA W SŁUPSKU SPÓŁKA Z OGRANICZONĄ
ODPOWIEDZIALNOŚCIĄ
Oddział Położniczo-Ginekologiczny, Poradnia Położniczo-Ginekologiczna";"ul. Hubalczyków 1
76-200 Słupsk";0
"KOCIEWSKIE CENTRUM ZDROWIA SPÓŁKA Z OGRANICZONĄ
ODPOWIEDZIALNOŚCIĄ
Szpital Św. Jana Oddział Ginekologiczno-Położniczy;
poradnia Ginekologiczno-Położnicza";"ul. dra Józefa
Balewskiego 1
83-200 Starogard
Gdański";1
"SZPITALE POMORSKIE SPÓŁKA Z OGRANICZONĄ
ODPOWIEDZIALNOŚCIĄ
Szpital Specjalistyczny im. F. Ceynowy Oddział Położnictwa i
Ginekologii";"ul. dr. Alojzego
Jagalskiego 10
84-200 Wejherowo";6
"Szpital Specjalistyczny im. J. K. Łukowicza w Chojnicach
Oddział Ginekologiczno-Położniczy";"ul. Leśna 10
89-600 Chojnice";2
"COPERNICUS PODMIOT LECZNICZY SPÓŁKA Z
OGRANICZONĄ ODPOWIEDZIALNOŚCIĄ
Oddział Ginekologiczno-Położniczy (ul. Nowe Ogrody 1-6,
Gdańsk), Poradnia Położniczo-Ginekologiczna (ul.
Powstańców Warszawskich 1/2, Gdańsk)";"ul. Nowe Ogrody 1-6
80-803 Gdańsk";5
"SZPITALE POMORSKIE SPÓŁKA Z OGRANICZONĄ
ODPOWIEDZIALNOŚCIĄ
Szpital Morski im. PCK Oddział Ginekologiczno-Położniczy";"ul. Powstania
Styczniowego 1
81-519 Gdynia";"(1)
przewidywana
rezygnacja z
miejsc
akredytacyjnych"
"COPERNICUS PODMIOT LECZNICZY SPÓŁKA Z
OGRANICZONĄ ODPOWIEDZIALNOŚCIĄ
Szpital św. Wojciecha, Oddział Położniczo-Ginekologiczny";"ul. al. Jana Pawła II 50
80-462 Gdańsk";-2
"Uniwersyteckie Centrum Kliniczne
Klinika Ginekologii, Ginekologii Onkologicznej i
Endokrynologii Ginekologicznej oraz Klinika Położnictwa";"ul. Kliniczna 1A
80-402 Gdańsk";0
"Samodzielny Publiczny Specjalistyczny Zakład Opieki
Zdrowotnej
Oddział Ginekologiczno-Położniczy. Poradnia Położniczo-Ginekologiczna";"ul. Juliana
Węgrzynowicza 13
84-300 Lębork";0
"Powiatowe Centrum Zdrowia Sp. z o.o.
SZPITAL POWIATOWY W KARTUZACH IM. DR ALEKSANDRA
MAJKOWSKIEGO, Oddział Ginekologiczno-Położniczy,
Poradnia ginekologiczno-położnicza";"ul. Floriana Ceynowy 7
83-300 Kartuzy";-1
"Szpital Specjalistyczny w Kościerzynie Sp. z o.o.
Oddział Położniczy, Oddział Ginekologiczny";"ul. Alojzego
Piechowskiego 36
83-400 Kościerzyna";0
"Szpital Miejski w Miastku Sp. z o.o.
Oddział Położniczo-Ginekologiczny";"ul. gen. Wybickiego 30
77-200 Miastko";0
"SZPITALE POMORSKIE SPÓŁKA Z OGRANICZONĄ
ODPOWIEDZIALNOŚCIĄ
Szpital Morski im. PCK Oddział Ginekologii Onkologicznej";"ul. Powstania
Styczniowego 1
81-519 Gdynia";-1
Protetyka stomatologiczna;;
"Niepubliczny Zakład Opieki Zdrowotnej MILADENT
Przychodnia Stomatologiczno-Implantologiczna
Poradnia Protetyczna";"ul. Matemblewska
1A/18,19
80-281 Gdańsk";1
"Uniwersyteckie Centrum Stomatologiczne Gdańskiego
Uniwersytetu Medycznego spółka z ograniczoną
odpowiedzialnością
Poradnia Protetyki i Implantologii Stomatologicznej";"ul. Elizy Orzeszkowej 18
80-208 Gdańsk";0
"Niepubliczny Zakład Opieki Zdrowotnej Centrum
Stomatologii Jadwiga Szarstuk
Niepubliczny Zakład Opieki Zdrowotnej Centrum
Stomatologii Jadwiga Szarstuk";"ul. Broniewskiego 35
83-110 Tczew";-1
"Gdańskie Centrum Stomatologiczne Sp. z o.o.
Filia w Gdyni";"ul. Obrońców Wybrzeża
11 81-397 Gdynia";0
"Miłosława Pancerz-Łoś
HappySmile Gabinet Stomatologii i Medycyny Estetycznej,
Poradnia Stomatologiczna";"ul. Rzeczypospolitej
4D/172 80-369 Gdańsk";0
"FRANKOWSKI DENTAL SPÓŁKA Z OGRANICZONĄ
ODPOWIEDZIALNOŚCIĄ
Frankowski Dental";"ul. Subisława 19
80-354 Gdańsk";0
Psychiatria;;
"Wojewódzki Szpital Psychiatryczny im. prof. Tadeusza
Bilikiewicza w Gdańsku
Klinika Psychiatrii Rozwojowej, Zaburzeń Psychotycznych i
Wieku Podeszłego";"ul. Srebrniki 17
80-282 Gdańsk";3
"Niepubliczny Zakład Opieki Zdrowotnej ""Centrum
Psychiatrii"" Sp. z o.o.
Szpital Psychiatryczny, Oddział Ogólnopsychiatryczny,
Oddział Detoksykacji Alkoholowej, Oddział Leczenia
Uzależnienia, Poradnia Zdrowia Psychicznego";"ul. Wybickiego 12/1
82-200 Malbork";1
"Uniwersyteckie Centrum Kliniczne
Klinika Psychiatrii Dorosłych";"ul. Mariana
Smoluchowskiego 17
80-214 Gdańsk";4
"Centrum Zdrowia Psychicznego w Słupsku
Oddział Psychiatryczny";"ul. Obrońców Wybrzeża
4 76-200 Słupsk";9
Szpital dla Nerwowo i Psychicznie Chorych im. St. Kryzana;"ul. Skarszewska 7
83-200 Starogard
Gdański";8
"SZPITAL SPECJALISTYCZNY W KOŚCIERZYNIE SPÓŁKA Z
OGRANICZONĄ ODPOWIEDZIALNOŚCIĄ
Oddział Psychiatryczny";"ul. Alojzego
Piechowskiego 36
83-400 Kościerzyna";0
"Samodzielny Publiczny Specjalistyczny Zakład Opieki
Zdrowotnej
Oddział Psychiatryczny";"ul. Juliana
Węgrzynowicza 13
84-300 Lębork";0
Psychiatria dzieci i młodzieży;;
"Wojewódzki Szpital Psychiatryczny im. prof. Tadeusza
Bilikiewicza w Gdańsku
Klinika Psychiatrii Rozwojowej, Zaburzeń Psychotycznych i
Wieku Podeszłego, Oddział Psychiatryczny dla Dzieci i
Młodzieży";"ul. Srebrniki 11
80-282 Gdańsk";0
"SZPITAL DLA NERWOWO I PSYCHICZNIE CHORYCH IM. ST.
KRYZANA
Oddział psychiatryczny dla młodzieży";"ul. SKARSZEWSKA 7/-83-200 STAROGARD
GDAŃSKI";2
Radiologia i diagnostyka obrazowa;;
"Szpital Specjalistyczny im. J. K. Łukowicza w Chojnicach
Zakład Diagnostyki Obrazowej";"ul. Leśna 10
89-600 Chojnice";2
"SZPITALE POMORSKIE SPÓŁKA Z OGRANICZONĄ
ODPOWIEDZIALNOŚCIĄ
Szpital Morski im. PCK Zakład Diagnostyki Obrazowej";"ul. Powstania
Styczniowego 1
81-519 Gdynia";1
"Uniwersyteckie Centrum Kliniczne
Zakład Radiologii";"ul. Dębinki 7
80-952 Gdańsk";1
"COPERNICUS PODMIOT LECZNICZY SPÓŁKA Z
OGRANICZONĄ ODPOWIEDZIALNOŚCIĄ
Szpital św. Wojciecha, Pracownia Tomografii
Komputerowej; Pracownia Rezonansu Magnetycznego;
Pracownia Rentgenodiagnostyki Ogólnej; Pracownia
Mammografii; Gabinet Ultrasonografii";"ul. Aleja Jana Pawła II 50
80-462 Gdańsk";2
"SZPITAL SPECJALISTYCZNY W KOŚCIERZYNIE SPÓŁKA Z
OGRANICZONĄ ODPOWIEDZIALNOŚCIĄ
Zakład Diagnostyki Obrazowej";"ul. Alojzego
Piechowskiego 36
83-400 Kościerzyna";2
"Samodzielny Publiczny Specjalistyczny Zakład Opieki
Zdrowotnej
Pracownie Diagnostyki Obrazowej: Pracownia
Rentgenodiagnostyki Ogólnej, Pracownia Tomografii
Komputerowej, Pracownia Ultrasonografii, Pracownia
Mammografii";"ul. Juliana
Węgrzynowicza 13
84-300 Lębork";1
"Uniwersyteckie Centrum Medycyny Morskiej i Tropikalnej
Zakład Diagnostyki Obrazowej";"ul. Powstania
Styczniowego 9B
81-519 Gdynia";2
"SZPITALE POMORSKIE SPÓŁKA Z OGRANICZONĄ
ODPOWIEDZIALNOŚCIĄ
Szpital św. Wincentego a Paulo, Pracownia USG, Pracownia
Tomografii Komputerowej, Pracownia Radiologii
Zabiegowej, Pracownia Rentgenodiagnostyki Ogólnej";"ul. Wójta Radtkego 1
81-348 Gdynia";3
"POWIATOWE CENTRUM ZDROWIA SPÓŁKA Z
OGRANICZONĄ ODPOWIEDZIALNOŚCIĄ
Pracownia rentgenodiagnostyki ogólnej";"ul. Aleja Armii Krajowej
105/106
82-200 Malbork";2
"WOJEWÓDZKI SZPITAL SPECJALISTYCZNY IM. JANUSZA
KORCZAKA W SŁUPSKU SPÓŁKA Z OGRANICZONĄ
ODPOWIEDZIALNOŚCIĄ
Pracownia diagnostyki obrazowej";"ul. Hubalczyków 1
76-200 Słupsk";3
"SZPITALE POMORSKIE SPÓŁKA Z OGRANICZONĄ
ODPOWIEDZIALNOŚCIĄ
Szpital Specjalistyczny im. F. Ceynowy, Pracownia
Tomografii Komputerowej, Gabinety Radiologii Klasycznej
(RTG), Gabinety USG, Pracownia Mammografii";"ul. dr. Alojzego
Jagalskiego 10
84-200 Wejherowo";1
"COPERNICUS PODMIOT LECZNICZY SPÓŁKA Z
OGRANICZONĄ ODPOWIEDZIALNOŚCIĄ
Wojewódzkie Centrum Onkologii, Pracownia
mammograficzna, Pracownia USG (80-210 Gdańsk, ul. Marii
Skłodowskiej - Curie 2) oraz Pracownia mammografii,
Pracownia rentgenodiagnostyki ogólnej, Pracownia
rezonansu magnetycznego, Pracownia tomografii
komputerowej, Pracownia USG ( 80-219 Gdańsk, al.
Zwycięstwa 31/32)";"ul. Nowe Ogrody 1-6
80-803 Gdańsk";1
"COPERNICUS PODMIOT LECZNICZY SPÓŁKA Z
OGRANICZONĄ ODPOWIEDZIALNOŚCIĄ
Pracownia Rentgenodiagnostyki Ogólnej, Pracownia
Rezonansu Magnetycznego, Pracownia Tomografii
Komputerowej, Gabinet Ultrasonografii (80-803 Gdańsk, ul.
Nowe Ogrody 1-6) oraz Pracownia Rentgenodiagnostyki
Ogólnej, Pracownia Tomografii Komputerowej, Gabinet
Ultrasonografii (80-152 Gdańsk, ul. Powstańców
Warszawskich 1/2)";"ul. Nowe Ogrody 1-6
80-803 Gdańsk";6
Radioterapia onkologiczna;;
"SZPITALE POMORSKIE SPÓŁKA Z OGRANICZONĄ
ODPOWIEDZIALNOŚCIĄ
Szpital Morski im. PCK Oddział Onkologii i Radioterapii";"ul. Powstania
Styczniowego 1
81-519 Gdynia";0
"Uniwersyteckie Centrum Kliniczne
Klinika Onkologii i Radioterapii";"ul. Mariana
Smoluchowskiego 17
80-214 Gdańsk";11
Rehabilitacja medyczna;;
"SZPITAL SPECJALISTYCZNY W KOŚCIERZYNIE SPÓŁKA Z
OGRANICZONĄ ODPOWIEDZIALNOŚCIĄ
Oddział Rehabilitacji Dziecięcej";"ul. Szpitalna 36
83-332 Dzierżążno";6
"Wojewódzki Zespół Reumatologiczny im dr Jadwigi Titz-Kosko
Oddział Rehabilitacyjny dla Dzieci, Zakład Rehabilitacji
Leczniczej";"ul. Grunwaldzka 1/3
81-759 Sopot";0
"Uniwersyteckie Centrum Kliniczne
Klinika Rehabilitacji";"ul. Aleja Zwycięstwa 30
80-219 Gdańsk";1
"SZPITAL SPECJALISTYCZNY W KOŚCIERZYNIE SPÓŁKA Z
OGRANICZONĄ ODPOWIEDZIALNOŚCIĄ
Oddział Rehabilitacji";"ul. Szpitalna 36
83-332 Dzierżążno";7
"Wojewódzki Szpital Specjalistyczny im. Janusza Korczaka w
Słupsku Sp. z o.o.
Oddział Rehabilitacyjny, Oddział Rehabilitacji
Neurologicznej";"ul. Hubalczyków 1
76-200 Słupsk";5
"Szpitale Tczewskie Spółka Akcyjna
Oddział Rehabilitacyjny";"ul. 1 Maja 2
83-110 Tczew";3
"SZPITAL SPECJALISTYCZNY W KOŚCIERZYNIE SPÓŁKA Z
OGRANICZONĄ ODPOWIEDZIALNOŚCIĄ
Oddział Rehabilitacji Dziecięcej";"ul. Alojzego
Piechowskiego 36
83-400 Kościerzyna";1
"Medpharma Zakład Opieki Zdrowotnej Spółka Akcyjna
Stacjonarny Oddział Rehabilitacji Neurologicznej";"ul. Leśna 1a
83-200 Nowa Wieś
Rzeczna";3
"BONAMED SPÓŁKA Z OGRANICZONĄ
ODPOWIEDZIALNOŚCIĄ
Oddział rehabilitacji neurologicznej, oddział rehabilitacji
kardiologicznej, oddział rehabilitacyjny";"ul. Szkolna 12
89-606 Jarcewo,
Charzykowy";1
"TOMASZ WINIECKI REHABILITACJA KROJANTY NZOZ
Zakład rehabilitacji leczniczej (stacjonarny)";"ul. 18 Pułku Ułanów
Pomorskich 7
89-620 Krojanty";1
Reumatologia;;
"Pomorskie Centrum Reumatologiczne im. dr Jadwigi Titz-Kosko w Sopocie Spółka z ograniczoną odpowiedzialnością
Oddział I Reumatologiczny dla Dorosłych, Oddział II
Reumatologiczny dla Dorosłych, Oddział III Reumatologiczny
dla Dorosłych.";"ul. Grunwaldzka 1/3
81-759 Sopot";3
"SZPITAL SPECJALISTYCZNY W KOŚCIERZYNIE SPÓŁKA Z
OGRANICZONĄ ODPOWIEDZIALNOŚCIĄ
Oddział Reumatologiczny";"ul. Alojzego
Piechowskiego 36
83-400 Kościerzyna";-1
"Szpital Miejski w Miastku Sp. z o.o.
Oddział Reumatologiczny";"ul. gen. Wybickiego 30
77-200 Miastko";1
"Uniwersyteckie Centrum Kliniczne
Klinika Chorób Wewnętrznych, Chorób Tkanki Łącznej i
Geriatrii";"ul. Mariana
Smoluchowskiego 17
80-214 Gdańsk";1
Seksuologia;;
Brak;;
Stomatologia dziecięca;;
"Uniwersyteckie Centrum Stomatologiczne Gdańskiego
Uniwersytetu Medycznego spółka z ograniczoną
odpowiedzialnością
Poradnia Stomatologii Dziecięcej i Rodzinnej";"ul. Elizy Orzeszkowej 18
80-208 Gdańsk";2
"COPERNICUS PODMIOT LECZNICZY SPÓŁKA Z
OGRANICZONĄ ODPOWIEDZIALNOŚCIĄ
Wojewódzka Przychodnia Stomatologiczna - świadczenia
ambulatoryjne, Poradnia Stomatologii Dziecięcej";"ul. al. Zwycięstwa 39
80-219 Gdańsk";0
Stomatologia zachowawcza z endodoncją;;
"COPERNICUS PODMIOT LECZNICZY SPÓŁKA Z
OGRANICZONĄ ODPOWIEDZIALNOŚCIĄ
Wojewódzka Przychodnia Stomatologiczna - świadczenia
ambulatoryjne, Poradnia Stomatologiczna";"ul. al. Zwycięstwa 39
80-219 Gdańsk";0
"Uniwersyteckie Centrum Stomatologiczne Gdańskiego
Uniwersytetu Medycznego spółka z ograniczoną
odpowiedzialnością
Poradnia Stomatologii Zachowawczej";"ul. Elizy Orzeszkowej 18
80-208 Gdańsk";3
Toksykologia kliniczna;Column2;Column3
"POMORSKIE CENTRUM TOKSYKOLOGII SPÓŁKA Z
OGRANICZONĄ ODPOWIEDZIALNOŚCIĄ
Pomorskie Centrum Toksykologii";"ul. Kartuska 4/6
80-104 Gdańsk";0
Transfuzjologia kliniczna;;
"REGIONALNE CENTRUM KRWIODAWSTWA I
KRWIOLECZNICTWA W GDAŃSKU";"ul. Józefa Hoene-Wrońskiego 4
80-210 Gdańsk";4
Transplantologia kliniczna;;
"Uniwersyteckie Centrum Kliniczne
Klinika Chirurgii Onkologicznej, Transplantacyjnej i Ogólnej";"ul. Mariana
Smoluchowskiego 17
80-214 Gdańsk";1
"Uniwersyteckie Centrum Kliniczne
Klinika Nefrologii, Transplantologii i Chorób Wewnętrznych";"ul. Dębinki 7
80-952 Gdańsk";3
"Uniwersyteckie Centrum Kliniczne
Klinika Hematologii i Transplantologii";"ul. Mariana
Smoluchowskiego 17
80-214 Gdańsk";0
Urologia;;
"Szpital Specjalistyczny im. J.K. Łukowicza w Chojnicach
Oddział urologii i onkologii urologicznej";"ul. Leśna 10
89-600 Chojnice";1
"SZPITALE POMORSKIE SPÓŁKA Z OGRANICZONĄ
ODPOWIEDZIALNOŚCIĄ
Szpital Morski im. PCK Oddział Urologii, Urologii
Onkologicznej i Andrologii";"ul. Powstania
Styczniowego 1
81-519 Gdynia";-2
"SZPITAL SPECJALISTYCZNY W KOŚCIERZYNIE SPÓŁKA Z
OGRANICZONĄ ODPOWIEDZIALNOŚCIĄ
Oddział Urologii i Urologii Onkologicznej";"ul. Alojzego
Piechowskiego 36
83-400 Kościerzyna";1
"COPERNICUS PODMIOT LECZNICZY SPÓŁKA Z
OGRANICZONĄ ODPOWIEDZIALNOŚCIĄ
Szpital św. Wojciecha, Oddział Urologiczny";"ul. al. Jana Pawła II 50
80-462 Gdańsk";2
"Uniwersyteckie Centrum Kliniczne
Klinika Urologii";"ul. Mariana
Smoluchowskiego 17
80-214 Gdańsk";2
"WOJEWÓDZKI SZPITAL SPECJALISTYCZNY IM. JANUSZA
KORCZAKA W SŁUPSKU SPÓŁKA Z OGRANICZONĄ
ODPOWIEDZIALNOŚCIĄ
Oddział urologiczny";"ul. Hubalczyków 1
76-200 Słupsk";2
"Szpitale Pomorskie Sp. z o.o.
Szpital Specjalistyczny im. F. Ceynowy Oddział Urologii";"ul. dr. Alojzego
Jagalskiego 10
84-200 Wejherowo";1
Urologia dziecięca;;
"COPERNICUS PODMIOT LECZNICZY SPÓŁKA Z
OGRANICZONĄ ODPOWIEDZIALNOŚCIĄ
Oddział Chirurgii i Urologii Dzieci";"ul. Nowe Ogrody 1-6
80-803 Gdańsk";1
"Uniwersyteckie Centrum Kliniczne
Klinika Chirurgii i Urologii Dzieci i Młodzieży";"ul. Mariana
Smoluchowskiego 17
80-214 Gdańsk";0
Zdrowie publiczne;;
"Gdański Uniwersytet Medyczny
Zakład Zdrowia Publicznego i Medycyny Społecznej";"ul. Aleja Zwycięstwa 42A
80-210 Gdańsk";11
